product_id,name,brand,ram,storage,price,rating
1,OPPO A53,OPPO,4 GB,64 GB,11990,4.5
2,OPPO A53,OPPO,6 GB,128 GB,13990,4.3
3,OPPO A12,OPPO,4 GB,64 GB,10490,4.4
4,OPPO A12,OPPO,3 GB,32 GB,9490,4.4
5,OPPO A53s 5G,OPPO,6 GB,128 GB,15990,4.3
6,OPPO A53s 5G,OPPO,8 GB,128 GB,17990,4.3
7,OPPO A33,OPPO,3 GB,32 GB,10490,4.3
8,OPPO A31,OPPO,4 GB,64 GB,11960,4.3
9,OPPO A74 5G,OPPO,6 GB,128 GB,18979,4.3
10,OPPO A11K,OPPO,2 GB,32 GB,8990,4.2
11,OPPO F17 Pro,OPPO,8 GB,128 GB,19990,4.3
12,OPPO A54,OPPO,4 GB,128 GB,15990,4.3
13,OPPO A54,OPPO,4 GB,64 GB,14990,4.3
14,OPPO Reno6 5G,OPPO,8 GB,128 GB,29990,4.3
15,OPPO A54,OPPO,6 GB,128 GB,16990,4.3
16,OPPO F17,OPPO,8 GB,128 GB,21990,4.3
17,OPPO A16,OPPO,4 GB,64 GB,13850,
18,OPPO Reno5 Pro 5G,OPPO,8 GB,128 GB,35990,4.4
19,OPPO A15,OPPO,3 GB,32 GB,10990,4.3
20,OPPO F17,OPPO,6 GB,128 GB,16990,4.2
21,OPPO A74 5G BLACK,OPPO,6 GB,128 GB,18380,4.3
22,OPPO Reno6 Pro 5G,OPPO,12 GB,256 GB,39990,4.4
23,OPPO Reno2 F,OPPO,6 GB,256 GB,19990,4.4
24,OPPO Reno3 Pro,OPPO,8 GB,256 GB,26798,4.4
25,OPPO A15s,OPPO,4 GB,64 GB,12990,4.3
26,OPPO A15S,OPPO,4 GB,64 GB,12990,4.3
27,OPPO F19 Pro,OPPO,8 GB,128 GB,21990,4.3
28,OPPO F19 Pro,OPPO,8 GB,256 GB,23490,4.3
29,OPPO F19 Pro+ 5G,OPPO,8 GB,128 GB,25990,4.3
30,OPPO F19,OPPO,6 GB,128 GB,19990,4.2
31,OPPO A15,OPPO,2 GB,32 GB,9989,4.0
32,OPPO Reno3 Pro,OPPO,8 GB,128 GB,24989,4.4
33,OPPO A7,OPPO,4 GB,64 GB,10990,4.4
34,OPPO F5,OPPO,6 GB,64 GB,24990,4.4
35,OPPO A5s,OPPO,2 GB,32 GB,8990,4.3
36,OPPO Reno,OPPO,8 GB,128 GB,29999,4.4
37,OPPO Reno2 Z,OPPO,8 GB,256 GB,29489,4.5
38,OPPO F15,OPPO,4 GB,128 GB,15990,4.4
39,OPPO K1,OPPO,6 GB,64 GB,13990,4.3
40,OPPO A9 2020,OPPO,4 GB,128 GB,14990,4.3
41,OPPO Find X,OPPO,8 GB,256 GB,60990,4.6
42,OPPO Reno4 Pro Special Edition,OPPO,8 GB,128 GB,34990,4.4
43,OPPO F11,OPPO,6 GB,128 GB,17990,4.4
44,OPPO A5,OPPO,4 GB,64 GB,15990,4.4
45,OPPO Reno4 Pro,OPPO,8 GB,128 GB,34990,4.4
46,OPPO Reno2 F,OPPO,8 GB,128 GB,21990,4.4
47,OPPO A5 2020,OPPO,3 GB,64 GB,12990,4.4
48,OPPO F3 Deepika Padukone Limited Edition,OPPO,4 GB,64 GB,17000,4.3
49,OPPO F1 Plus,OPPO,4 GB,64 GB,27500,4.0
50,OPPO K1,OPPO,4 GB,64 GB,15000,4.4
51,OPPO A83 2018 Edition,OPPO,4 GB,64 GB,15000,4.3
52,OPPO F3,OPPO,4 GB,64 GB,18000,4.3
53,OPPO A3s,OPPO,4 GB,64 GB,15000,4.3
54,OPPO A83,OPPO,2 GB,16 GB,11000,4.2
55,OPPO K3,OPPO,6 GB,64 GB,23990,4.3
56,OPPO F9,OPPO,4 GB,64 GB,19000,4.5
57,OPPO A5s,OPPO,3 GB,32 GB,9490,4.4
58,OPPO A83,OPPO,4 GB,64 GB,13990,4.3
59,OPPO F5,OPPO,4 GB,32 GB,15500,4.4
60,OPPO A52,OPPO,6 GB,128 GB,17999,4.3
61,OPPO A71 New Edition,OPPO,3 GB,16 GB,9940,4.4
62,OPPO Neo 7 4G,OPPO,1 GB,16 GB,10000,3.8
63,OPPO A5s,OPPO,4 GB,64 GB,15726,4.4
64,OPPO A71,OPPO,3 GB,16 GB,12500,4.2
65,OPPO F15,OPPO,8 GB,128 GB,18990,4.4
66,OPPO A57,OPPO,3 GB,32 GB,18000,4.2
67,OPPO A31,OPPO,6 GB,128 GB,13799,4.3
68,OPPO A9 2020,OPPO,8 GB,128 GB,15990,4.3
69,OPPO A1K,OPPO,2 GB,32 GB,8490,4.3
70,OPPO A37f,OPPO,2 GB,16 GB,10000,4.2
71,OPPO F9 Pro,OPPO,6 GB,64 GB,19990,4.5
72,OPPO A3s,OPPO,3 GB,32 GB,12000,4.3
73,OPPO A83,OPPO,3 GB,32 GB,14995,4.4
74,OPPO A3s,OPPO,2 GB,16 GB,9500,4.4
75,OPPO A5,OPPO,4 GB,32 GB,15000,4.4
76,OPPO F19s,OPPO,6 GB,128 GB,19990,
77,OPPO A15s,OPPO,4 GB,128 GB,13489,4.3
78,OPPO A52,OPPO,4 GB,128 GB,14990,4.4
79,OPPO A74 5G,OPPO,4 GB,128 GB,18490,
80,OPPO A7,OPPO,3 GB,64 GB,10990,4.3
81,OPPO A52,OPPO,8 GB,128 GB,20990,4.3
82,OPPO A71k,OPPO,3 GB,16 GB,10990,4.4
83,OPPO K3,OPPO,8 GB,128 GB,30994,4.2
84,OPPO A9,OPPO,4 GB,128 GB,12990,4.4
85,OPPO F3 Plus,OPPO,6 GB,64 GB,22990,4.3
86,OPPO F3 Plus,OPPO,4 GB,64 GB,30990,4.3
87,OPPO Rohit Sharma Limited Edition,OPPO,4 GB,64 GB,22990,4.4
88,OPPO F17 PRO,OPPO,8 GB,128 GB,21999,4.3
89,OPPO Hardik Pandya Limited Editon,OPPO,4 GB,64 GB,22990,4.4
90,OPPO Ravichandran Ashwin Limited Edition,OPPO,4 GB,64 GB,22990,4.4
91,OPPO F11 Pro,OPPO,6 GB,128 GB,14990,4.5
92,OPPO R1 R829,OPPO,1 GB,16 GB,21452,3.0
93,OPPO F11,OPPO,4 GB,128 GB,13990,4.4
94,OPPO F11 Pro,OPPO,6 GB,64 GB,16990,4.5
95,OPPO A15S,OPPO,4 GB,128 GB,13489,4.3
96,OPPO F5 Youth,OPPO,3 GB,32 GB,17990,4.3
97,OPPO F7,OPPO,4 GB,64 GB,22990,4.4
98,OPPO Neo 5,OPPO,1 GB,16 GB,4999,3.8
99,OPPO F7,OPPO,6 GB,128 GB,27990,4.5
100,OPPO F1,OPPO,3 GB,16 GB,15739,4.1
101,OPPO Reno2,OPPO,8 GB,256 GB,38990,4.4
102,OPPO R17,OPPO,8 GB,128 GB,38999,3.7
103,OPPO F11 Pro Marvel’s Avengers Limited Edition,OPPO,6 GB,128 GB,27990,
104,OPPO Reno 10x Zoom,OPPO,6 GB,128 GB,38990,4.5
105,OPPO F1S,OPPO,3 GB,32 GB,12990,4.2
106,OPPO F1S,OPPO,4 GB,64 GB,18990,4.3
107,OPPO Reno 10x Zoom,OPPO,8 GB,256 GB,41990,4.4
108,OPPO N5111,OPPO,2 GB,16 GB,9990,3.1
109,OPPO F9 Pro,OPPO,6 GB,128 GB,21990,4.5
110,HTC U11+ ,HTC,6 GB,128 GB,56990,4.7
111,HTC Wildfire X ,HTC,3 GB,32 GB,12999,3.9
112,HTC Wildfire X ,HTC,4 GB,128 GB,16999,3.9
113,IQOO 3,IQOO,8 GB,128 GB,34990,4.4
114,IQOO 3,IQOO,8 GB,256 GB,37990,4.4
115,IQOO 3,IQOO,12 GB,256 GB,39990,4.4
116,Google Pixel 4a ,Google Pixel,6 GB,128 GB,31999,4.5
117,Google Pixel 3a XL ,Google Pixel,4 GB,64 GB,44999,4.5
118,Google Pixel 3,Google Pixel,4 GB,64 GB,69999,4.5
119,Google Pixel 3,Google Pixel,4 GB,128 GB,80000,4.5
120,Google Pixel 3 XL ,Google Pixel,4 GB,64 GB,83000,4.6
121,Google Pixel 3 XL ,Google Pixel,4 GB,128 GB,92000,4.6
122,Google Pixel 3a ,Google Pixel,4 GB,64 GB,39999,4.5
123,Google Pixel XL ,Google Pixel,4 GB,128 GB,76000,4.5
124,Google Pixel 2 XL ,Google Pixel,4 GB,128 GB,82000,4.6
125,Google Pixel 2,Google Pixel,4 GB,64 GB,61000,4.6
126,Google Pixel 2,Google Pixel,4 GB,128 GB,70000,4.6
127,Google Pixel Quite Black,Google Pixel,4 GB,128 GB,66000,4.4
128,Google Pixel Very Silver,Google Pixel,4 GB,32 GB,57000,4.4
129,LG W11 ,LG,3 GB,32 GB,7690,4.0
130,LG Velvet Dual Screen ,LG,6 GB,128 GB,44990,4.4
131,LG Q60 ,LG,3 GB,64 GB,9990,4.0
132,LG L90 Dual ,LG,1 GB,8 GB,15532,4.2
133,LG W31 ,LG,4 GB,64 GB,9999,4.0
134,LG W31 Plus ,LG,4 GB,128 GB,10999,4.1
135,LG K42 ,LG,3 GB,64 GB,10990,3.9
136,LG W30 Pro ,LG,4 GB,64 GB,14999,3.8
137,LG Candy K9 ,LG,2 GB,16 GB,5899,4.1
138,LG K9 4G LTE ,LG,2 GB,16 GB,7999,4.0
139,LG W10 ,LG,3 GB,32 GB,6999,3.9
140,LG K-10 ,LG,2 GB,16 GB,7799,4.0
141,LG W41 ,LG,4 GB,64 GB,10499,4.0
142,LG Q Stylus+ ,LG,4 GB,64 GB,24000,4.0
143,LG W10 Alpha ,LG,3 GB,32 GB,7299,3.7
144,LG W30 ,LG,3 GB,32 GB,8399,3.9
145,LG W30 Plus ,LG,4 GB,64 GB,12950,3.8
146,LG G7+ ThinQ ,LG,6 GB,128 GB,55000,4.4
147,LG Stylus 2 ,LG,2 GB,16 GB,12999,4.1
148,LG Max X160 ,LG,1 GB,8 GB,5000,3.4
149,LG V20 ,LG,4 GB,64 GB,29199,4.2
150,LG G8X ,LG,6 GB,128 GB,27990,4.4
151,LG V40 ThinQ ,LG,6 GB,128 GB,60000,4.4
152,LG K7i ,LG,2 GB,16 GB,9990,4.0
153,LG Nexus4 E960,LG,2 GB,16 GB,26299,4.5
154,LG G7 ThinQ ,LG,4 GB,64 GB,50000,4.4
155,Google Pixel Nexus 5X ,Google Pixel,2 GB,16 GB,25990,4.3
156,LG G5 ,LG,4 GB,32 GB,52990,4.0
157,LG Q6+ ,LG,4 GB,64 GB,19990,3.9
158,LG Spirit 4G LTE ,LG,1 GB,8 GB,12500,3.7
159,LG Velvet ,LG,6 GB,128 GB,29999,4.2
160,LG W41 Plus ,LG,4 GB,128 GB,9499,3.8
161,LG Wing ,LG,8 GB,128 GB,29999,4.2
162,LG W41 Pro ,LG,6 GB,128 GB,10499,3.7
163,LG Optimus L70 ,LG,1 GB,4 GB,12791,4.0
164,LG L60 Dual ,LG,512 MB,4 GB,8800,3.7
165,LG K8 ,LG,2 GB,16 GB,5699,3.8
166,LG G Pro 2 ,LG,3 GB,16 GB,42021,4.5
167,LG Optimus L5 II ,LG,512 MB,4 GB,10199,4.5
168,LG V30+ ,LG,4 GB,128 GB,29999,4.3
169,LG G2 D802 ,LG,2 GB,16 GB,31971,4.5
170,LG Q Stylus ,LG,3 GB,32 GB,20000,3.8
171,LG Q6 ,LG,3 GB,32 GB,16990,4.0
172,LG G6 ,LG,4 GB,64 GB,22990,4.2
173,LG K10 2017 ,LG,2 GB,16 GB,7499,4.1
174,LG V20a ,LG,4 GB,64 GB,30990,4.1
175,LG K10 K420DS ,LG,2 GB,16 GB,6980,4.0
176,LG Q7 ,LG,3 GB,32 GB,9990,3.3
177,LG X Power ,LG,2 GB,16 GB,8499,4.0
178,LG Stylus 2 Plus ,LG,3 GB,16 GB,14250,4.1
179,Google Pixel Nexus 5X ,Google Pixel,2 GB,32 GB,29990,4.3
180,LG K-7 ,LG,1.5 GB,8 GB,6590,4.1
181,LG G3 Beat ,LG,1 GB,8 GB,15999,3.8
182,LG G8s ThinQ ,LG,6 GB,128 GB,29999,
183,LG G4 ,LG,3 GB,32 GB,35990,4.0
184,LG Stylus 3 ,LG,3 GB,16 GB,9990,3.8
185,LG L Bello ,LG,1 GB,8 GB,7000,3.9
186,LG G4 Stylus 4G LTE ,LG,1 GB,16 GB,7000,3.6
187,LG X Cam ,LG,2 GB,16 GB,9999,3.5
188,LG Optimus L3 II E425 ,LG,512 MB,4 GB,6299,3.9
189,LG Optimus L7 II Dual ,LG,768 MB,4 GB,13299,4.0
190,LG L 80 Dual ,LG,1 GB,4 GB,14162,3.7
191,LG G3 Stylus ,LG,1 GB,8 GB,13990,4.1
192,LG Q7+ ,LG,4 GB,64 GB,20998,3.2
193,LG X Screen K500I ,LG,2 GB,16 GB,7990,4.0
194,LG Spirit ,LG,1 GB,8 GB,8000,3.8
195,ASUS ROG Phone 5 ,ASUS,8 GB,128 GB,49999,4.3
196,ASUS ROG Phone 3 ,ASUS,12 GB,128 GB,49999,4.4
197,ASUS Zenfone Max Pro M1 ,ASUS,4 GB,64 GB,15599,4.3
198,ASUS Zenfone 2 Laser ZE500KL ,ASUS,2 GB,16 GB,7999,4.1
199,ASUS ROG Phone 3 ,ASUS,8 GB,128 GB,46999,4.4
200,ASUS ZenFone Max M2 ,ASUS,3 GB,32 GB,12999,4.3
201,ASUS ZenFone 5Z ,ASUS,6 GB,128 GB,36299,4.5
202,ASUS 6Z ,ASUS,6 GB,64 GB,35999,4.3
203,ASUS Zenfone Go 4.5 ,ASUS,1 GB,8 GB,5299,3.9
204,ASUS ZenFone Max M2 ,ASUS,4 GB,64 GB,14999,4.3
205,ASUS Zenfone Go 5.5 ,ASUS,2 GB,32 GB,6999,3.7
206,ASUS Zenfone Go 3rd Gen,ASUS,2 GB,16 GB,8999,3.8
207,ASUS Zenfone Go 2nd Gen,ASUS,1 GB,8 GB,5299,3.7
208,ASUS Zenfone Go ,ASUS,1 GB,8 GB,5299,3.8
209,ASUS ZenFone Lite L1 ,ASUS,2 GB,16 GB,7199,4.2
210,ASUS Zenfone 4 Selfie ,ASUS,3 GB,32 GB,10999,4.1
211,ASUS Zenfone Max Pro M1 ,ASUS,6 GB,64 GB,17999,4.3
212,ASUS 6Z ,ASUS,6 GB,128 GB,38999,4.3
213,ASUS ROG Phone II ,ASUS,8 GB,128 GB,40999,4.6
214,ASUS Zenfone GO ,ASUS,2 GB,16 GB,8499,3.8
215,ASUS Zenfone Go 5.0 ,ASUS,2 GB,16 GB,6999,4.0
216,ASUS ROG Phone 5 ,ASUS,12 GB,256 GB,57999,4.5
217,ASUS ZenFone Max Pro M2 ,ASUS,3 GB,32 GB,15999,4.3
218,ASUS Zenfone Go 5.0 LTE 2nd Gen ,ASUS,2 GB,16 GB,5840,3.6
219,ASUS ROG Phone 3 ,ASUS,12 GB,256 GB,57999,4.4
220,ASUS Zenfone C ,ASUS,1 GB,8 GB,6299,3.8
221,ASUS Zenfone Go 5.0 LTE ,ASUS,2 GB,16 GB,4990,3.7
222,ASUS Zenfone Go 5.0 ,ASUS,2 GB,8 GB,4990,4.0
223,ASUS 6Z ,ASUS,8 GB,256 GB,43999,4.3
224,ASUS ZenFone 5Z ,ASUS,8 GB,256 GB,43999,4.5
225,ASUS Zenfone Max ZC550KL ,ASUS,3 GB,32 GB,14499,4.1
226,ASUS Zenfone Max ,ASUS,2 GB,16 GB,6990,4.1
227,ASUS Zenfone Max Pro M1 ,ASUS,3 GB,32 GB,13199,4.3
228,ASUS Zenfone Go 4.5 LTE ,ASUS,1 GB,8 GB,4890,3.6
229,ASUS Zenfone Go ,ASUS,2 GB,32 GB,7300,3.8
230,ASUS ZenFone Max M1 ,ASUS,4 GB,64 GB,9599,4.0
231,ASUS ROG ,ASUS,8 GB,128 GB,26499,4.3
232,ASUS ZenFone Max M1 ,ASUS,3 GB,32 GB,9599,4.2
233,ASUS Zenfone Selfie ,ASUS,3 GB,32 GB,17999,4.0
234,ASUS Zenfone Selfie ,ASUS,3 GB,16 GB,13999,4.0
235,ASUS Zenfone Selfie ,ASUS,2 GB,16 GB,15999,3.9
236,ASUS ZenFone Max Pro M2 ,ASUS,6 GB,64 GB,19999,4.3
237,ASUS ROG Phone 5 Pro ,ASUS,16 GB,512 GB,69999,
238,ASUS Zenfone Max ,ASUS,2 GB,32 GB,8499,4.1
239,ASUS ZenFone Max Pro M2 ,ASUS,4 GB,64 GB,17999,4.3
240,ASUS ROG Phone II ,ASUS,12 GB,512 GB,62999,4.6
241,ASUS ZenFone 5Z ,ASUS,6 GB,64 GB,32999,4.5
242,ASUS ROG Phone 5 Ultimate ,ASUS,18 GB,512 GB,79999,
243,ASUS Zenfone Live ,ASUS,2 GB,16 GB,7999,4.0
244,ASUS Zenfone Zoom ,ASUS,4 GB,64 GB,37999,3.6
245,ASUS Zenfone Zoom ,ASUS,4 GB,128 GB,37999,3.6
246,realme C11 2021 ,realme,4 GB,64 GB,8799,4.2
247,realme C11 2021 ,realme,2 GB,32 GB,7299,4.3
248,realme Narzo 30 5G ,realme,4 GB,64 GB,14999,4.4
249,realme C20 ,realme,2 GB,32 GB,7499,4.4
250,realme C21Y ,realme,4 GB,64 GB,9999,4.4
251,realme 8i ,realme,4 GB,64 GB,13999,
252,realme 8i ,realme,6 GB,128 GB,15999,
253,realme C25s ,realme,4 GB,128 GB,11999,4.4
254,realme C25s ,realme,4 GB,64 GB,10999,4.4
255,realme 8s 5G ,realme,6 GB,128 GB,17999,4.5
256,realme C25Y ,realme,4 GB,128 GB,11999,
257,realme 8s 5G ,realme,8 GB,128 GB,19999,
258,realme C21 ,realme,4 GB,64 GB,9999,4.4
259,realme C21 ,realme,3 GB,32 GB,8999,4.4
260,realme Narzo 30 5G ,realme,6 GB,128 GB,16999,4.3
261,realme Narzo 30 ,realme,6 GB,64 GB,14499,4.3
262,realme Narzo 30 ,realme,4 GB,64 GB,13499,4.3
263,realme Narzo 30A ,realme,3 GB,32 GB,8999,4.3
264,realme Narzo 30 ,realme,6 GB,128 GB,15499,4.3
265,realme 8 5G ,realme,4 GB,128 GB,16499,4.3
266,realme 8 5G ,realme,4 GB,64 GB,15499,4.3
267,realme 8 Pro ,realme,8 GB,128 GB,19999,4.4
268,realme 8 5G ,realme,8 GB,128 GB,18499,4.3
269,realme C15 ,realme,3 GB,32 GB,9999,4.3
270,realme 8 Pro ,realme,6 GB,128 GB,17999,4.3
271,realme 8,realme,6 GB,128 GB,16999,4.3
272,realme 8,realme,8 GB,128 GB,17999,4.3
273,realme 8,realme,4 GB,128 GB,15999,4.3
274,realme C12 ,realme,3 GB,32 GB,8999,4.4
275,realme C11 ,realme,2 GB,32 GB,7499,4.4
276,realme 7,realme,6 GB,64 GB,14999,4.3
277,realme X7 5G ,realme,8 GB,128 GB,21999,4.3
278,realme X7 5G ,realme,6 GB,128 GB,19999,4.3
279,realme Narzo 30 Pro 5G ,realme,6 GB,64 GB,16999,4.3
280,realme C3 ,realme,3 GB,32 GB,9999,4.4
281,realme C15 Qualcomm Edition ,realme,3 GB,32 GB,11999,4.3
282,realme C15 Qualcomm Edition ,realme,4 GB,64 GB,12999,4.4
283,realme Narzo 30 Pro 5G ,realme,8 GB,128 GB,19999,4.3
284,realme 3i ,realme,4 GB,64 GB,10499,4.4
285,realme 5 Pro ,realme,8 GB,128 GB,16999,4.5
286,realme 7i ,realme,4 GB,64 GB,13999,4.3
287,realme C2 ,realme,2 GB,,6999,4.4
288,realme X3 SuperZoom ,realme,8 GB,,29999,4.3
289,realme X3 SuperZoom ,realme,12 GB,,32999,4.2
290,realme 6i ,realme,6 GB,,13999,4.4
291,realme 6,realme,6 GB,,14999,4.4
292,realme 1,realme,6 GB,,10999,4.3
293,realme 3,realme,3 GB,,8499,4.5
294,realme 6i ,realme,4 GB,,12999,4.4
295,realme X2 ,realme,4 GB,,17999,4.5
296,realme 1,realme,3 GB,,10999,
297,realme 5i ,realme,4 GB,,10999,4.5
298,realme 1,realme,4 GB,,10990,4.4
299,realme X ,realme,4 GB,,17999,4.5
300,realme Narzo 50i ,realme,2 GB,32 GB,7499,4.4
301,realme Narzo 50A ,realme,4 GB,32 GB,12499,4.4
302,realme Narzo 50A ,realme,4 GB,64 GB,11499,4.4
303,realme 2,realme,3 GB,,9990,4.5
304,realme X2 ,realme,8 GB,,20999,4.5
305,realme X ,realme,8 GB,,20999,4.5
306,realme Narzo 50A ,realme,4 GB,128 GB,12499,4.4
307,realme C21Y ,realme,3 GB,,8999,
308,realme Narzo 30A ,realme,4 GB,,10499,4.3
309,realme Narzo 30A ,realme,3 GB,,8999,4.3
310,realme C15 ,realme,4 GB,,10999,4.4
311,realme 8 Pro ,realme,6 GB,,17999,4.3
312,realme 8,realme,4 GB,,15999,4.3
313,realme C15 ,realme,3 GB,,9999,4.3
314,realme 8 Pro ,realme,8 GB,,19999,4.4
315,realme 3i ,realme,3 GB,32 GB,8499,4.4
316,realme 7i ,realme,4 GB,128 GB,14999,4.3
317,realme 5 Pro ,realme,6 GB,64 GB,14999,4.5
318,realme X3 SuperZoom ,realme,8 GB,128 GB,27999,4.3
319,realme X50 Pro 5G ,realme,12 GB,256 GB,47999,4.3
320,realme X3 ,realme,6 GB,128 GB,24999,4.4
321,realme GT 5G ,realme,8 GB,128 GB,37999,4.3
322,realme X50 Pro ,realme,8 GB,128 GB,41999,4.3
323,realme X50 Pro ,realme,12 GB,256 GB,47999,4.3
324,realme 5 Pro ,realme,4 GB,64 GB,13999,4.5
325,realme X3 SuperZoom ,realme,8 GB,256 GB,29999,4.3
326,realme C2 ,realme,2 GB,16 GB,6499,4.4
327,realme GT 5G ,realme,12 GB,256 GB,41999,4.3
328,realme 6,realme,6 GB,64 GB,14999,4.4
329,realme X3 ,realme,8 GB,128 GB,25999,4.4
330,realme 6,realme,8 GB,128 GB,16999,4.4
331,realme X3 SuperZoom ,realme,12 GB,256 GB,32999,4.2
332,realme X7 Pro 5G ,realme,8 GB,128 GB,29999,4.3
333,realme C2 ,realme,2 GB,32 GB,6999,4.4
334,realme GT Master Edition ,realme,6 GB,128 GB,25999,4.1
335,realme 6i ,realme,6 GB,64 GB,13999,4.4
336,realme 1,realme,6 GB,128 GB,10999,4.3
337,realme 3,realme,3 GB,32 GB,8499,4.5
338,realme 6i ,realme,4 GB,64 GB,12999,4.4
339,realme X2 ,realme,4 GB,64 GB,17999,4.5
340,realme 1,realme,3 GB,32 GB,10999,
341,realme 5i ,realme,4 GB,64 GB,10999,4.5
342,realme 1,realme,4 GB,64 GB,10990,4.4
343,realme X ,realme,4 GB,128 GB,17999,4.5
344,realme 2,realme,3 GB,32 GB,9990,4.5
345,realme X2 ,realme,8 GB,128 GB,20999,4.5
346,realme X ,realme,8 GB,128 GB,20999,4.5
347,realme C21Y ,realme,3 GB,32 GB,8999,
348,realme Narzo 30A ,realme,4 GB,64 GB,10499,4.3
349,realme C15 ,realme,4 GB,64 GB,10999,4.4
350,realme C25 ,realme,4 GB,64 GB,9999,4.4
351,realme C3 ,realme,4 GB,64 GB,9999,4.4
352,realme C25 ,realme,4 GB,128 GB,10999,4.4
353,realme C12 ,realme,4 GB,64 GB,10999,4.4
354,realme 7,realme,8 GB,128 GB,17999,4.3
355,realme 7 Pro ,realme,6 GB,128 GB,19999,4.4
356,realme Narzo 20 Pro ,realme,8 GB,128 GB,16999,4.3
357,realme Narzo 20 Pro ,realme,6 GB,64 GB,14999,4.3
358,realme Narzo 20A ,realme,3 GB,32 GB,8499,4.3
359,realme Narzo 20 ,realme,4 GB,64 GB,10499,4.3
360,realme Narzo 20A ,realme,4 GB,64 GB,9499,4.4
361,realme Narzo 20 ,realme,4 GB,128 GB,11499,4.3
362,realme Narzo 10A ,realme,4 GB,64 GB,9999,4.5
363,realme Narzo 10 ,realme,4 GB,128 GB,11999,4.5
364,realme 6 Pro ,realme,8 GB,128 GB,19999,4.4
365,realme Narzo 10A ,realme,3 GB,32 GB,8999,4.5
366,realme 6,realme,6 GB,128 GB,15999,4.4
367,realme 6,realme,4 GB,64 GB,13999,4.4
368,realme U1 ,realme,3 GB,32 GB,8285,4.4
369,realme X2 Pro ,realme,8 GB,128 GB,31999,4.5
370,realme U1 ,realme,4 GB,64 GB,9999,4.4
371,realme 6 Pro ,realme,6 GB,64 GB,17999,4.4
372,realme 5s ,realme,4 GB,128 GB,11999,4.5
373,realme U1 ,realme,3 GB,64 GB,11999,4.4
374,realme 2,realme,4 GB,64 GB,11990,4.4
375,realme C2 ,realme,3 GB,32 GB,7499,4.4
376,realme X2 ,realme,6 GB,128 GB,19999,4.5
377,realme 6 Pro ,realme,6 GB,128 GB,18999,4.4
378,realme 3,realme,3 GB,64 GB,9499,4.5
379,realme X2 ,realme,8 GB,256 GB,24999,4.5
380,realme 5i ,realme,4 GB,128 GB,11999,4.5
381,realme X2 Pro ,realme,12 GB,256 GB,36999,4.6
382,realme 3,realme,4 GB,64 GB,10499,4.4
383,realme Narzo 50i ,realme,4 GB,64 GB,8999,4.3
384,GIONEE Max ,GIONEE,2 GB,32 GB,6299,4.1
385,GIONEE Max Pro ,GIONEE,3 GB,32 GB,7299,3.8
386,GIONEE F8 Neo ,GIONEE,2 GB,32 GB,6499,3.9
387,GIONEE F103 Pro ,GIONEE,3 GB,16 GB,8999,3.9
388,GIONEE F205 Pro ,GIONEE,2 GB,16 GB,6990,4.1
389,GIONEE A1 ,GIONEE,4 GB,64 GB,21499,4.0
390,GIONEE S11 Lite ,GIONEE,4 GB,32 GB,8750,4.0
391,GIONEE F11 ,GIONEE,3 GB,32 GB,6490,4.0
392,GIONEE F10 Plus ,GIONEE,3 GB,32 GB,8590,
393,GIONEE L800,GIONEE,8 MB,16 MB,2199,4.0
394,GIONEE Pioneer P5W ,GIONEE,1 GB,16 GB,4150,3.1
395,GIONEE S96,GIONEE,64 MB,128 MB,3150,3.9
396,GIONEE L700,GIONEE,8 MB,16 MB,1890,3.9
397,GIONEE P5L ,GIONEE,1 GB,16 GB,4290,3.7
398,GIONEE Pioneer P3 ,GIONEE,512 MB,4 GB,2350,3.6
399,GIONEE P2S ,GIONEE,512 MB,4 GB,2450,3.6
400,GIONEE P5 Mini ,GIONEE,1 GB,8 GB,3490,3.8
401,GIONEE P5_W ,GIONEE,1 GB,16 GB,4190,3.8
402,GIONEE F9 ,GIONEE,3 GB,32 GB,7900,4.2
403,GIONEE S96,GIONEE,8 MB,16 MB,1099,3.7
404,GIONEE X-1 ,GIONEE,2 GB,16 GB,4650,4.0
405,GIONEE M5 Lite 4G ,GIONEE,3 GB,32 GB,7290,4.1
406,GIONEE P7 ,GIONEE,2 GB,16 GB,4750,3.8
407,GIONEE A1 Plus ,GIONEE,4 GB,64 GB,16499,4.1
408,GIONEE Pioneer P4 ,GIONEE,1 GB,8 GB,7150,3.8
409,GIONEE Pioneer P3S ,GIONEE,1 GB,16 GB,4999,3.8
410,GIONEE X1s ,GIONEE,3 GB,16 GB,6475,4.0
411,GIONEE F10 ,GIONEE,3 GB,32 GB,7990,4.1
412,GIONEE F205 ,GIONEE,2 GB,16 GB,8479,4.0
413,GIONEE A1 Lite ,GIONEE,3 GB,32 GB,11499,3.9
414,GIONEE Elife S7 ,GIONEE,2 GB,16 GB,15999,4.1
415,GIONEE Marathon M5 lite CDMA ,GIONEE,3 GB,32 GB,13649,3.9
416,GIONEE Marathon ,GIONEE,2 GB,16 GB,11999,4.4
417,GIONEE Marathon M3 ,GIONEE,1 GB,8 GB,9599,3.8
418,GIONEE M7 Power ,GIONEE,4 GB,64 GB,15399,4.1
419,GIONEE S10 Lite ,GIONEE,4 GB,32 GB,6399,3.9
420,GIONEE S6S ,GIONEE,3 GB,32 GB,15999,4.0
421,GIONEE M3 ,GIONEE,1 GB,8 GB,9599,4.1
422,GIONEE S Plus ,GIONEE,3 GB,16 GB,7350,3.7
423,GIONEE Elife E8 ,GIONEE,3 GB,64 GB,8990,3.9
424,GIONEE F9 Plus ,GIONEE,3 GB,32 GB,9490,4.1
425,GIONEE Pioneer P4S ,GIONEE,1 GB,8 GB,3999,3.5
426,GIONEE Marathon M5 Lite ,GIONEE,3 GB,32 GB,5990,3.8
427,GIONEE P7 Max ,GIONEE,3 GB,32 GB,5999,3.9
428,GIONEE M7 ,GIONEE,6 GB,64 GB,9290,2.7
429,GIONEE F103 3GB Version ,GIONEE,3 GB,16 GB,6598,3.5
430,GIONEE S6 ,GIONEE,3 GB,32 GB,7999,3.8
431,GIONEE S6 Pro ,GIONEE,4 GB,64 GB,7997,3.6
432,GIONEE F103 ,GIONEE,2 GB,16 GB,4489,4.0
433,GIONEE S11 ,GIONEE,4 GB,64 GB,8539,2.8
434,GIONEE V4S ,GIONEE,1 GB,8 GB,3499,3.5
435,GIONEE S6 Pro ,GIONEE,4 GB,32 GB,8000,3.6
436,GIONEE Marathon M5 Plus ,GIONEE,3 GB,64 GB,14999,4.1
437,GIONEE Ctrl V5 ,GIONEE,8 GB,2 MB,4790,3.8
438,GIONEE G3 ,GIONEE,1 GB,4 GB,10990,2.8
439,GIONEE F103 3Gb Version ,GIONEE,3 GB,16 GB,7999,3.5
440,GIONEE Elife E7 Mini ,GIONEE,1 GB,16 GB,9999,3.8
441,GIONEE Ctrl V4S ,GIONEE,1 GB,8 GB,3999,3.6
442,GIONEE M2 ,GIONEE,1 GB,4 GB,11500,4.2
443,GIONEE Elife S5.1 ,GIONEE,1 GB,16 GB,9999,4.1
444,GIONEE Elife E3 ,GIONEE,1 GB,16 GB,6500,4.3
445,GIONEE Pioneer P2 ,GIONEE,512 MB,4 GB,2290,3.6
446,GIONEE Pioneer P6 ,GIONEE,1 GB,8 GB,4150,3.7
447,Nokia 105 DS 2020,Nokia,4 MB,4 MB,1349,4.2
448,Nokia TA-1010/105,Nokia,4 MB,4 MB,1340,4.2
449,Nokia 105,Nokia,32 MB,2 MB,1344,4.1
450,Nokia 110 TA-1302 DS,Nokia,4 MB,4 MB,1695,4.1
451,Nokia 216 DS,Nokia,16 MB,2 MB,2875,4.2
452,Nokia 150 DS 2020,Nokia,4 MB,4 MB,2440,4.1
453,Nokia 110 4G,Nokia,128 MB,48 MB,2997,
454,Nokia 150 TA-1235 DS,Nokia,4 MB,4 MB,2480,4.1
455,Nokia 6310,Nokia,16 MB,8 MB,4199,
456,Nokia 105 SS 2021,Nokia,4 MB,4 MB,1349,4.2
457,Nokia C01 Plus ,Nokia,2 GB,16 GB,6499,
458,Nokia 125 DS,Nokia,4 MB,4 MB,2249,3.8
459,Nokia 5310ds,Nokia,8 MB,16 MB,3429,4.1
460,Nokia 3310 DS 2020,Nokia,16 MB,Expandable Upto 32 GB,3886,3.8
461,Nokia 3.4,Nokia,4 GB,64 GB,11999,3.9
462,Nokia 125 TA-1253 DS,Nokia,4 MB,4 MB,2142,3.9
463,Nokia C20 Plus ,Nokia,3 GB,32 GB,9999,3.8
464,Nokia G20 ,Nokia,4 GB,64 GB,13549,
465,Nokia 5.4,Nokia,6 GB,64 GB,14499,3.9
466,Nokia TA-1174 / TA-1299,Nokia,4 MB,4 MB,1149,4.2
467,Nokia 2.4,Nokia,3 GB,64 GB,10399,4.0
468,Nokia C3 ,Nokia,2 GB,16 GB,7290,3.7
469,Nokia C20 Plus ,Nokia,2 GB,32 GB,8999,4.4
470,Nokia G10 ,Nokia,4 GB,64 GB,12149,
471,Nokia 125 DS 2020,Nokia,4 MB,4 MB,2349,3.9
472,Nokia 5310 TA-1212 DS,Nokia,8 MB,16 MB,3740,4.2
473,Nokia C3 ,Nokia,3 GB,32 GB,9999,3.8
474,Nokia 216 DS 2020,Nokia,16 MB,16 MB,2499,4.2
475,Nokia 215 4G DS 2020,Nokia,64 MB,128 MB,3162,3.7
476,Nokia 225 4g ds,Nokia,64 MB,128 MB,3896,3.7
477,Nokia 225 4G DS 2020,Nokia,64 MB,128 MB,4399,3.7
478,Nokia 2.3,Nokia,2 GB,32 GB,9999,4.0
479,Nokia 215 4G DS,Nokia,64 MB,128 MB,3220,3.6
480,Nokia 9,Nokia,6 GB,128 GB,56299,3.8
481,Nokia 5.4,Nokia,4 GB,64 GB,12999,3.9
482,Nokia 150,Nokia,4 MB,4 MB,2000,4.2
483,Nokia 105 DS,Nokia,4 MB,4 MB,1400,4.2
484,Nokia 215,Nokia,8 MB,Expandable Upto 32 GB,2200,4.1
485,Nokia 130,Nokia,4 MB,8 MB,1600,4.2
486,Nokia 130,Nokia,4 MB,2 MB,1600,4.2
487,Nokia 108 Dual SIM,Nokia,4 MB,4 MB,1900,4.2
488,Nokia 107 Dual SIM,Nokia,4 MB,Expandable Upto 16 GB,1900,4.2
489,Nokia 150/150 DS,Nokia,4 MB,4 MB,1500,4.2
490,Nokia 3.2,Nokia,3 GB,32 GB,10499,4.1
491,Nokia 5.1 Plus ,Nokia,3 GB,32 GB,13199,4.3
492,Nokia Ta -1010/105,Nokia,4 MB,4 MB,1000,4.2
493,Nokia 105,Nokia,4 MB,4 MB,1000,4.3
494,Nokia 3.2,Nokia,2 GB,16 GB,9999,3.8
495,Nokia 6.1,Nokia,3 GB,32 GB,14927,4.2
496,Nokia 2.1,Nokia,1 GB,8 GB,6500,4.0
497,Nokia 5,Nokia,3 GB,16 GB,12499,4.1
498,Nokia 1,Nokia,1 GB,8 GB,4800,3.9
499,Nokia 106,Nokia,,2 MB,1400,3.9
500,Nokia 6.1,Nokia,4 GB,64 GB,18300,4.0
501,Nokia 112,Nokia,16 MB,16 MB,3100,4.1
502,Nokia 6,Nokia,3 GB,32 GB,13999,3.9
503,Nokia 2,Nokia,1 GB,8 GB,7007,3.8
504,Nokia 3.1,Nokia,2 GB,16 GB,9999,3.9
505,Nokia 3,Nokia,2 GB,16 GB,8588,3.9
506,Nokia 5.1,Nokia,3 GB,32 GB,16300,4.0
507,Nokia 220,Nokia,8 MB,2 MB,2999,4.0
508,Nokia 2.2,Nokia,2 GB,16 GB,8599,4.0
509,Nokia Lumia 920 ,Nokia,1 GB,32 GB,40699,4.3
510,Nokia 3.1 Plus ,Nokia,3 GB,32 GB,7088,4.2
511,Nokia Asha 503 ,Nokia,512 MB,Expandable Upto 32 GB,7399,3.8
512,Nokia 110,Nokia,16 MB,10 MB,1599,3.6
513,Nokia 225,Nokia,8 MB,Expandable Upto 32 GB,3499,4.0
514,Nokia 2.2,Nokia,3 GB,32 GB,9599,4.0
515,Nokia 106,Nokia,4 MB,4 MB,1560,4.2
516,Nokia 8110,Nokia,512 MB,4 GB,3400,3.7
517,Nokia 6.1,Nokia,4 GB,32 GB,12999,4.0
518,Nokia 8 Sirocco ,Nokia,6 GB,128 GB,29990,4.3
519,Nokia RM-1172 / Nokia 230 DS,Nokia,16 MB,256 MB,4196,4.0
520,Nokia 5.3,Nokia,6 GB,64 GB,12999,3.7
521,Nokia Lumia 625 ,Nokia,512 MB,8 GB,17599,4.1
522,Nokia 3.1,Nokia,3 GB,32 GB,6990,4.0
523,Nokia 6.1 Plus ,Nokia,6 GB,64 GB,11990,4.1
524,Nokia Asha 311 ,Nokia,512 MB,140 MB,5999,4.0
525,Nokia 8.1,Nokia,4 GB,64 GB,28831,4.3
526,Nokia 7.2,Nokia,4 GB,64 GB,19999,4.1
527,Nokia 7.2,Nokia,6 GB,64 GB,20999,4.1
528,Nokia 5.3,Nokia,4 GB,64 GB,10999,3.5
529,Nokia 7.1,Nokia,4 GB,64 GB,11199,4.1
530,Nokia 5,Nokia,2 GB,16 GB,6741,4.0
531,Nokia 8.1,Nokia,6 GB,128 GB,22999,4.3
532,Nokia 8110 4G,Nokia,512 MB,4 GB,6699,3.7
533,Nokia X2 Dual SIM ,Nokia,1 GB,4 GB,9999,4.2
534,Nokia 6.1 Plus ,Nokia,4 GB,64 GB,18599,4.3
535,Nokia 5.1 Plus ,Nokia,4 GB,64 GB,9990,4.1
536,Nokia Lumia 510 ,Nokia,512 MB,4 GB,10999,4.0
537,Nokia 7 Plus ,Nokia,4 GB,64 GB,15999,4.3
538,Nokia 6,Nokia,4 GB,64 GB,19499,3.9
539,Nokia Asha 206,Nokia,32 MB,64 MB,4300,3.8
540,Nokia 222,Nokia,16 MB,Expandable Upto 32 GB,2860,4.1
541,Nokia 6.2,Nokia,4 GB,64 GB,13790,4.2
542,Nokia 4.2,Nokia,3 GB,32 GB,13699,4.0
543,Nokia 8,Nokia,4 GB,64 GB,36999,4.0
544,Nokia 225,Nokia,,Expandable Upto 32 GB,3499,3.6
545,Nokia Asha 502 ,Nokia,64 MB,Expandable Upto 32 GB,3799,3.6
546,Nokia 5.1 Plus ,Nokia,6 GB,64 GB,14999,3.7
547,Nokia XPlus ,Nokia,768 MB,4 GB,7990,3.8
548,Nokia 6310,Nokia,8 MB,16 MB,4189,
549,Nokia 515,Nokia,512 MB,256 MB,8999,3.0
550,Apple iPhone SE ,Apple,2 GB,64 GB,32999,4.5
551,Apple iPhone XR ,Apple,3 GB,64 GB,42999,4.6
552,Apple iPhone 12 Mini ,Apple,4GB,128 GB,61999,4.5
553,Apple iPhone XR ,Apple,3 GB,128 GB,47999,4.6
554,Apple iPhone 13 Pro ,Apple,6 GB,256 GB,129900,
555,Apple iPhone SE ,Apple,2 GB,128 GB,44900,4.5
556,Apple iPhone 11 ,Apple,4GB,64 GB,49900,4.6
557,Apple iPhone 12 ,Apple,4GB,128 GB,68999,4.6
558,Apple iPhone 12 ,Apple,4GB,256 GB,78999,4.6
559,Apple iPhone 12 ,Apple,4GB,64 GB,63999,4.6
560,Apple iPhone 12 Mini ,Apple,4GB,64 GB,56999,4.5
561,Apple iPhone 13 ,Apple,4GB,256 GB,89900,
562,Apple iPhone 11 ,Apple,4GB,128 GB,54900,4.6
563,Apple iPhone SE ,Apple,2 GB,256 GB,54900,4.5
564,Apple iPhone 13 Mini ,Apple,4 GB,256 GB,79900,
565,Apple iPhone 12 Mini ,Apple,4GB,256 GB,71999,4.5
566,Apple iPhone 12 Pro Max ,Apple,,512 GB,149900,4.6
567,Apple iPhone 13 Mini ,Apple,4 GB,128 GB,69900,
568,Apple iPhone 12 Pro ,Apple,6 GB,256 GB,119900,4.6
569,Apple iPhone 11 Pro Max ,Apple,4GB,64 GB,117100,4.7
570,Apple iPhone 13 ,Apple,4GB,512 GB,109900,
571,Apple iPhone 12 Pro ,Apple,6 GB,128 GB,109900,4.6
572,Apple iPhone 12 Pro ,Apple,6 GB,512 GB,139900,4.6
573,Apple iPhone 13 ,Apple,4GB,128 GB,79900,
574,Apple iPhone 8 Plus ,Apple,3 GB,256 GB,59900,4.6
575,Apple iPhone 11 Pro ,Apple,4GB,512 GB,140300,4.6
576,Apple iPhone 8 Plus ,Apple,3 GB,64 GB,49900,4.6
577,Apple iPhone XS ,Apple,4 GB,512 GB,134900,4.7
578,Apple iPhone 8 ,Apple,2 GB,64 GB,38999,4.5
579,Apple iPhone 12 Pro Max ,Apple,,256 GB,129900,4.6
580,Apple iPhone 13 Pro Max ,Apple,6 GB,256 GB,139900,
581,Apple iPhone 13 Pro Max ,Apple,6 GB,128 GB,129900,
582,Apple iPhone 8 ,Apple,2 GB,256 GB,77000,4.5
583,Apple iPhone 13 Pro Max ,Apple,6 GB,1 TB,179900,
584,Apple iPhone 12 Pro Max ,Apple,,128 GB,119900,4.6
585,Apple iPhone 13 Pro Max ,Apple,6 GB,,129900,
586,Apple iPhone 11 Pro Max ,Apple,4GB,256 GB,131900,4.7
587,Apple iPhone 6s Plus ,Apple,2 GB,,49999,4.4
588,Apple iPhone 11 Pro ,Apple,4GB,256 GB,79999,4.6
589,Apple iPhone 6 Plus ,Apple,1 GB,16 GB,39999,4.5
590,Apple iPhone XS Max ,Apple,4 GB,512 GB,144900,4.6
591,Apple iPhone 7 Plus ,Apple,3 GB,256 GB,85400,5.0
592,Apple iPhone 6s ,Apple,2 GB,32 GB,25299,4.5
593,Apple iPhone 7 ,Apple,2 GB,32 GB,24999,4.5
594,Apple iPhone XS ,Apple,4 GB,256 GB,76999,4.7
595,Apple iPhone XS ,Apple,4 GB,64 GB,62999,4.7
596,Apple iPhone 7 Plus ,Apple,3 GB,32 GB,36999,4.5
597,Apple iPhone 7 ,Apple,2 GB,256 GB,74400,4.7
598,Apple iPhone 7 ,Apple,2 GB,128 GB,34900,4.5
599,Apple iPhone 6 ,Apple,1 GB,64 GB,62500,4.4
600,Apple iPhone 13 Mini ,Apple,6 GB,512 GB,99900,
601,Apple iPhone 7 Plus ,Apple,3 GB,128 GB,42900,4.5
602,Apple iPhone 13 Pro ,Apple,6 GB,512 GB,149900,
603,Apple iPhone 11 ,Apple,4GB,256 GB,64900,4.6
604,Apple iPhone 13 Pro ,Apple,6 GB,128 GB,119900,
605,Apple iPhone 13 Pro Max ,Apple,6 GB,512 GB,159900,
606,Apple iPhone XR ,Apple,3 GB,256 GB,91900,4.6
607,Apple iPhone XS Max ,Apple,4 GB,64 GB,73999,4.6
608,Apple iPhone 6 Plus ,Apple,1 GB,128 GB,48999,4.5
609,Apple iPhone 6s Plus ,Apple,2 GB,16 GB,49999,4.4
610,Apple iPhone 11 Pro ,Apple,4GB,64 GB,79999,4.6
611,Apple iPhone 6s Plus ,Apple,2 GB,32 GB,34900,4.4
612,Apple iPhone 6s ,Apple,2 GB,16 GB,31999,4.5
613,Apple iPhone 6 ,Apple,1 GB,16 GB,36990,4.4
614,Apple iPhone 6 ,Apple,1 GB,128 GB,49999,4.4
615,Apple iPhone 11 Pro Max ,Apple,4GB,512 GB,150800,4.7
616,Apple iPhone 6s Plus ,Apple,2 GB,128 GB,70000,4.4
617,Apple iPhone 6s ,Apple,2 GB,64 GB,49999,4.5
618,Apple iPhone 6s ,Apple,2 GB,128 GB,55999,4.5
619,Apple iPhone 13 Pro ,Apple,6 GB,1 TB,169900,
620,Apple iPhone 6s Plus ,Apple,2 GB,64 GB,59999,4.4
621,Apple iPhone X ,Apple,3 GB,64 GB,91900,4.6
622,Apple iPhone 6 ,Apple,1 GB,32 GB,30780,4.4
623,Apple iPhone 6 Plus ,Apple,1 GB,64 GB,48999,4.5
624,Apple iPhone XS Max ,Apple,4 GB,256 GB,78999,4.6
625,Apple iPhone X ,Apple,3 GB,256 GB,106900,4.6
626,Apple iPhone 7 ,Apple,,256 GB,74400,4.5
627,Apple iPhone 6s,Apple,2 GB,32 GB,29900,
628,SAMSUNG Galaxy F22 ,SAMSUNG,6 GB,128 GB,14999,4.3
629,SAMSUNG Galaxy F22 ,SAMSUNG,4 GB,64 GB,12999,4.3
630,SAMSUNG Galaxy F12 ,SAMSUNG,4 GB,64 GB,11499,4.2
631,SAMSUNG M31s ,SAMSUNG,8 GB,128 GB,20949,4.3
632,SAMSUNG M02s ,SAMSUNG,3 GB,32 GB,9539,4.2
633,SAMSUNG Guru 1200,SAMSUNG,,2 MB,1200,4.3
634,SAMSUNG Galaxy M02 ,SAMSUNG,2 GB,32 GB,8299,4.0
635,SAMSUNG Galaxy A12 ,SAMSUNG,4 GB,64 GB,15999,4.2
636,SAMSUNG Galaxy A22 ,SAMSUNG,6 GB,128 GB,18499,4.3
637,SAMSUNG Galaxy F12 ,SAMSUNG,4 GB,128 GB,12499,4.2
638,SAMSUNG Galaxy A22 5G ,SAMSUNG,6 GB,128 GB,19818,4.3
639,SAMSUNG Galaxy M12 ,SAMSUNG,4 GB,64 GB,11510,4.2
640,SAMSUNG M31 ,SAMSUNG,6 GB,128 GB,17845,4.3
641,SAMSUNG Galaxy M02 ,SAMSUNG,3 GB,32 GB,8850,4.0
642,SAMSUNG M21 2021 Edition ,SAMSUNG,4 GB,64 GB,13224,4.0
643,SAMSUNG Galaxy A22 5G ,SAMSUNG,8 GB,128 GB,23596,4.2
644,SAMSUNG Galaxy A21s ,SAMSUNG,6 GB,64 GB,14839,4.2
645,SAMSUNG GALAXY M31S ,SAMSUNG,8 GB,128 GB,19330,4.3
646,SAMSUNG M32 5G ,SAMSUNG,6 GB,128 GB,21499,
647,SAMSUNG Galaxy A12 ,SAMSUNG,6 GB,128 GB,14999,3.9
648,SAMSUNG Metro 313 Dual Sim,SAMSUNG,4 MB,2 MB,2340,4.3
649,SAMSUNG Galaxy M31 ,SAMSUNG,6 GB,64 GB,16299,4.3
650,SAMSUNG Galaxy A21s ,SAMSUNG,6 GB,128 GB,17499,4.2
651,SAMSUNG Galaxy Z Flip3 5G ,SAMSUNG,8 GB,256 GB,88999,4.3
652,SAMSUNG Galaxy M01 ,SAMSUNG,3 GB,32 GB,9990,4.2
653,SAMSUNG Galaxy A03s ,SAMSUNG,4 GB,64 GB,12499,4.2
654,SAMSUNG Galaxy F02s ,SAMSUNG,3 GB,32 GB,9499,4.2
655,SAMSUNG Galaxy A72 ,SAMSUNG,8 GB,128 GB,34999,4.3
656,SAMSUNG Galaxy M31s ,SAMSUNG,6 GB,128 GB,19725,4.3
657,SAMSUNG Galaxy M31 ,SAMSUNG,8 GB,128 GB,18654,4.3
658,SAMSUNG Galaxy M32 ,SAMSUNG,4 GB,64 GB,14690,4.2
659,SAMSUNG Galaxy A51 ,SAMSUNG,8 GB,128 GB,22499,4.3
660,SAMSUNG Galaxy Z Flip3 5G ,SAMSUNG,8 GB,128 GB,84999,4.3
661,SAMSUNG Galaxy M12 ,SAMSUNG,6 GB,128 GB,14490,4.2
662,SAMSUNG Galaxy F62 ,SAMSUNG,6 GB,128 GB,23999,4.2
663,SAMSUNG Galaxy A52s 5G ,SAMSUNG,8 GB,128 GB,37499,4.5
664,SAMSUNG Galaxy M21 2021 Edition ,SAMSUNG,4 GB,64 GB,13899,
665,SAMSUNG Galaxy M11 ,SAMSUNG,4 GB,64 GB,11299,4.3
666,SAMSUNG Galaxy S10 Lite ,SAMSUNG,8 GB,512 GB,49999,4.5
667,SAMSUNG Galaxy F41 ,SAMSUNG,6 GB,64 GB,15999,4.3
668,SAMSUNG Galaxy A52 ,SAMSUNG,6 GB,128 GB,27499,4.3
669,SAMSUNG Galaxy M11 ,SAMSUNG,3 GB,32 GB,11744,4.2
670,SAMSUNG Galaxy A32 ,SAMSUNG,6 GB,128 GB,21700,4.1
671,SAMSUNG S20 FE 5G ,SAMSUNG,8 GB,128 GB,49990,
672,SAMSUNG Galaxy A03s ,SAMSUNG,3 GB,32 GB,11499,4.0
673,SAMSUNG Galaxy F02s ,SAMSUNG,4 GB,64 GB,10499,4.2
674,SAMSUNG Galaxy S10 ,SAMSUNG,8 GB,512 GB,92000,4.6
675,SAMSUNG Galaxy A21s ,SAMSUNG,4 GB,64 GB,14999,4.2
676,SAMSUNG M01 core ,SAMSUNG,1 GB,16 GB,7399,3.9
677,SAMSUNG GALAXY M51 ,SAMSUNG,6 GB,128 GB,24990,4.3
678,SAMSUNG Galaxy Note 20 ,SAMSUNG,8 GB,256 GB,77999,4.3
679,SAMSUNG Guru Music 2,SAMSUNG,,2 MB,1625,4.3
680,SAMSUNG Galaxy A52 ,SAMSUNG,8 GB,128 GB,28999,4.4
681,SAMSUNG Galaxy Note10 Lite ,SAMSUNG,6 GB,128 GB,39990,4.3
682,SAMSUNG Galaxy A71 ,SAMSUNG,8 GB,128 GB,27499,4.4
683,SAMSUNG Guru FM Plus SM-B110E/D,SAMSUNG,,2 MB,1375,4.3
684,SAMSUNG Guru Music 2,SAMSUNG,,Expandable Upto 16 GB,1625,4.3
685,SAMSUNG Galaxy A70s ,SAMSUNG,8 GB,128 GB,30500,4.3
686,SAMSUNG Metro 313 Dual Sim,SAMSUNG,16 MB,2 MB,2025,4.2
687,SAMSUNG M01 core ,SAMSUNG,2 GB,32 GB,5999,3.9
688,SAMSUNG Guru Music 2 SM-B310E,SAMSUNG,,Expandable Upto 16 GB,1890,4.2
689,SAMSUNG Guru FM Plus,SAMSUNG,,2 MB,1445,4.2
690,SAMSUNG Galaxy Z Fold3 5G ,SAMSUNG,12 GB,512 GB,157999,4.4
691,SAMSUNG Galaxy M31 ,SAMSUNG,6 GB,128 GB,17989,4.3
692,SAMSUNG Galaxy M32 5G ,SAMSUNG,8 GB,128 GB,24999,
693,SAMSUNG Guru GT,SAMSUNG,153 MB,153 MB,1549,4.1
694,SAMSUNG M02s ,SAMSUNG,4 GB,64 GB,10398,4.1
695,SAMSUNG Guru FM Plus,SAMSUNG,128 MB,2 MB,1450,4.2
696,SAMSUNG Galaxy A50s ,SAMSUNG,4 GB,128 GB,14999,4.3
697,SAMSUNG Guru Plus B110,SAMSUNG,512 MB,512 MB,1700,4.2
698,SAMSUNG Galaxy S9 Plus ,SAMSUNG,6 GB,64 GB,70000,4.5
699,SAMSUNG Metro 313,SAMSUNG,512 MB,2 MB,2599,4.1
700,SAMSUNG Galaxy A6 ,SAMSUNG,4 GB,64 GB,13999,4.3
701,SAMSUNG Galaxy A6+ ,SAMSUNG,4 GB,64 GB,25600,4.4
702,SAMSUNG Galaxy On7 ,SAMSUNG,1.5 GB,8 GB,8490,4.2
703,SAMSUNG Galaxy A52s 5G ,SAMSUNG,6 GB,128 GB,35999,4.3
704,SAMSUNG Galaxy A70 ,SAMSUNG,6 GB,128 GB,30900,4.3
705,SAMSUNG Metro 313,SAMSUNG,4 MB,2 MB,2336,4.2
706,SAMSUNG Galaxy A31 ,SAMSUNG,6 GB,128 GB,18999,4.3
707,SAMSUNG M21 2021 Edition,SAMSUNG,6 GB,128 GB,14859,4.2
708,SAMSUNG Galaxy Z Fold3 5G ,SAMSUNG,12 GB,256 GB,149999,4.4
709,SAMSUNG Metro 313,SAMSUNG,2 MB,2 MB,2399,4.1
710,SAMSUNG Galaxy Note 20 Ultra 5G ,SAMSUNG,12 GB,256 GB,91999,4.5
711,SAMSUNG Galaxy M01s ,SAMSUNG,3 GB,32 GB,10999,4.2
712,SAMSUNG Metro 350,SAMSUNG,32 MB,Expandable Upto 16 GB,3013,4.1
713,SAMSUNG Galaxy A20s ,SAMSUNG,4 GB,64 GB,14900,4.3
714,SAMSUNG Galaxy J7 Prime ,SAMSUNG,3 GB,32 GB,16879,4.2
715,SAMSUNG Galaxy S20 FE ,SAMSUNG,8 GB,128 GB,49999,4.0
716,SAMSUNG Galaxy A30s ,SAMSUNG,4 GB,128 GB,18199,4.3
717,SAMSUNG Galaxy A7 ,SAMSUNG,4 GB,64 GB,17990,4.4
718,SAMSUNG Galaxy J2 Core ,SAMSUNG,1 GB,8 GB,6500,4.2
719,SAMSUNG Galaxy J6 ,SAMSUNG,3 GB,32 GB,12990,4.4
720,SAMSUNG Galaxy J6 ,SAMSUNG,4 GB,64 GB,14990,4.5
721,SAMSUNG Galaxy A20 ,SAMSUNG,3 GB,32 GB,12900,4.3
722,SAMSUNG Galaxy A10s ,SAMSUNG,3 GB,32 GB,11000,4.3
723,SAMSUNG Galaxy M21 ,SAMSUNG,4 GB,64 GB,15990,4.3
724,SAMSUNG Galaxy J2 2018 ,SAMSUNG,2 GB,16 GB,7500,4.3
725,SAMSUNG Galaxy J7 Nxt ,SAMSUNG,3 GB,32 GB,14995,4.3
726,SAMSUNG Galaxy M30 ,SAMSUNG,4 GB,64 GB,13995,4.4
727,SAMSUNG Galaxy M42 ,SAMSUNG,8 GB,128 GB,29998,4.3
728,SAMSUNG Galaxy J7 Duo ,SAMSUNG,4 GB,32 GB,17962,4.3
729,SAMSUNG Galaxy A9 ,SAMSUNG,8 GB,128 GB,30990,4.3
730,SAMSUNG Galaxy J6 Plus ,SAMSUNG,4 GB,64 GB,14000,4.3
731,SAMSUNG Metro 313 Dual Sim,SAMSUNG,10 MB,2 MB,2290,4.3
732,SAMSUNG Galaxy Fold 2 ,SAMSUNG,12 GB,256 GB,149999,3.0
733,SAMSUNG Galaxy J7 - 6 New 2016 Edition) ,SAMSUNG,2 GB,16 GB,15299,4.3
734,SAMSUNG Galaxy S20 Ultra ,SAMSUNG,12 GB,128 GB,103000,4.2
735,SAMSUNG Galaxy Note 9 ,SAMSUNG,8 GB,512 GB,59999,4.6
736,SAMSUNG Galaxy A10 ,SAMSUNG,2 GB,32 GB,8700,4.3
737,SAMSUNG Metro B313E Dual Sim - White,SAMSUNG,10 MB,2 MB,2299,4.1
738,SAMSUNG Galaxy M40 ,SAMSUNG,6 GB,128 GB,19999,4.1
739,SAMSUNG Galaxy J2 ,SAMSUNG,1 GB,8 GB,6799,4.1
740,SAMSUNG Galaxy A50 ,SAMSUNG,6 GB,64 GB,24000,4.4
741,SAMSUNG B350,SAMSUNG,32 MB,2 MB,3000,4.0
742,SAMSUNG Galaxy J2-2017 ,SAMSUNG,1 GB,8 GB,6000,4.2
743,SAMSUNG Galaxy J7 Nxt ,SAMSUNG,2 GB,16 GB,10995,4.4
744,SAMSUNG Galaxy Grand 2 ,SAMSUNG,1.5 GB,8 GB,15999,4.1
745,SAMSUNG Galaxy S10 Plus ,SAMSUNG,8 GB,512 GB,91900,4.6
746,SAMSUNG Galaxy J4 ,SAMSUNG,3 GB,32 GB,10990,4.2
747,SAMSUNG Galaxy A30 ,SAMSUNG,4 GB,64 GB,18000,4.4
748,SAMSUNG Galaxy M51 ,SAMSUNG,8 GB,128 GB,27999,4.4
749,SAMSUNG Galaxy S10 Plus ,SAMSUNG,12 GB,1 TB,117990,4.5
750,SAMSUNG Galaxy J4 ,SAMSUNG,2 GB,16 GB,9500,4.3
751,SAMSUNG Galaxy J5 Prime ,SAMSUNG,2 GB,16 GB,14500,4.0
752,SAMSUNG Galaxy S6 Edge ,SAMSUNG,3 GB,32 GB,44900,4.0
753,SAMSUNG Sm-B110E/D,SAMSUNG,,2 MB,1599,4.1
754,SAMSUNG Galaxy A10s ,SAMSUNG,2 GB,32 GB,9840,4.4
755,SAMSUNG Galaxy S21 Ultra ,SAMSUNG,12 GB,256 GB,105999,4.5
756,SAMSUNG Metro 313,SAMSUNG,,2 MB,2299,4.1
757,SAMSUNG Galaxy J8 ,SAMSUNG,4 GB,64 GB,18990,4.4
758,SAMSUNG Galaxy A7-2017 ,SAMSUNG,3 GB,32 GB,25900,3.8
759,SAMSUNG Galaxy J5 Prime ,SAMSUNG,3 GB,32 GB,13500,4.3
760,SAMSUNG Galaxy J4 Plus ,SAMSUNG,2 GB,32 GB,9499,4.3
761,SAMSUNG Galaxy A8 Plus ,SAMSUNG,6 GB,64 GB,29990,4.2
762,SAMSUNG Metro 350,SAMSUNG,46 MB,64 MB,3200,3.6
763,SAMSUNG Galaxy F62 ,SAMSUNG,8 GB,128 GB,25999,4.3
764,SAMSUNG Galaxy F41 ,SAMSUNG,6 GB,128 GB,14499,4.3
765,SAMSUNG Galaxy A80 ,SAMSUNG,8 GB,128 GB,28490,4.4
766,SAMSUNG Galaxy M32 ,SAMSUNG,6 GB,128 GB,16980,4.4
767,SAMSUNG Galaxy M30s ,SAMSUNG,4 GB,64 GB,14990,4.3
768,SAMSUNG Galaxy A20s ,SAMSUNG,3 GB,32 GB,11599,4.3
769,SAMSUNG Galaxy A72 ,SAMSUNG,8 GB,256 GB,37999,4.3
770,SAMSUNG Galaxy A12 ,SAMSUNG,4 GB,128 GB,14999,4.2
771,SAMSUNG Galaxy A51 ,SAMSUNG,6 GB,128 GB,20999,4.3
772,SAMSUNG Galaxy S5 ,SAMSUNG,2 GB,16 GB,21999,3.9
773,SAMSUNG Galaxy J7 Prime 2 ,SAMSUNG,3 GB,32 GB,14990,4.3
774,SAMSUNG Galaxy S21 Plus ,SAMSUNG,8 GB,128 GB,71999,4.4
775,SAMSUNG SAMSUNG Metro 350 Dual Sim,SAMSUNG,32 MB,2 MB,2899,4.1
776,SAMSUNG Galaxy A9 ,SAMSUNG,6 GB,128 GB,19990,4.4
777,SAMSUNG Galaxy S21 ,SAMSUNG,8 GB,256 GB,73999,4.3
778,SAMSUNG Galaxy Note10 Lite ,SAMSUNG,8 GB,128 GB,39999,4.3
779,SAMSUNG Galaxy M42 5G ,SAMSUNG,6 GB,128 GB,21450,4.3
780,SAMSUNG Galaxy A7 ,SAMSUNG,6 GB,128 GB,24600,4.4
781,SAMSUNG Galaxy On8 ,SAMSUNG,4 GB,64 GB,19990,4.4
782,SAMSUNG Galaxy J2 Core ,SAMSUNG,1 GB,16 GB,6999,4.2
783,SAMSUNG Galaxy S20+ ,SAMSUNG,8 GB,128 GB,54999,4.4
784,SAMSUNG Galaxy A2 Core ,SAMSUNG,1 GB,16 GB,5900,4.2
785,SAMSUNG Galaxy M10 ,SAMSUNG,2 GB,16 GB,8190,4.3
786,SAMSUNG M31 Prime ,SAMSUNG,6 GB,128 GB,16750,4.3
787,SAMSUNG Galaxy Star 2 ,SAMSUNG,512 MB,4 GB,4890,3.9
788,SAMSUNG B351E/Metro 350,SAMSUNG,32 MB,2 MB,2870,4.2
789,SAMSUNG Galaxy M30s ,SAMSUNG,6 GB,128 GB,16999,4.1
790,SAMSUNG Galaxy S21 ,SAMSUNG,8 GB,128 GB,69999,4.3
791,SAMSUNG Galaxy S9 ,SAMSUNG,4 GB,64 GB,62500,4.4
792,SAMSUNG Galaxy A7 2016 Edition ,SAMSUNG,3 GB,16 GB,17490,4.1
793,SAMSUNG Metro XL,SAMSUNG,64 MB,128 MB,3271,4.2
794,SAMSUNG Z2 ,SAMSUNG,1 GB,8 GB,4790,3.6
795,SAMSUNG Galaxy M10 ,SAMSUNG,3 GB,32 GB,8690,4.3
796,SAMSUNG Galaxy J7 Prime ,SAMSUNG,3 GB,16 GB,10990,4.2
797,SAMSUNG Galaxy M10S ,SAMSUNG,3 GB,32 GB,9100,4.4
798,SAMSUNG Galaxy J1 Ace ,SAMSUNG,512 MB,4 GB,4988,3.9
799,SAMSUNG Z1 ,SAMSUNG,768 MB,4 GB,3990,3.5
800,SAMSUNG Galaxy M20 ,SAMSUNG,4 GB,64 GB,11999,4.3
801,SAMSUNG Galaxy J5 ,SAMSUNG,1.5 GB,8 GB,7990,4.3
802,SAMSUNG Galaxy On6 ,SAMSUNG,4 GB,64 GB,17600,4.3
803,SAMSUNG Galaxy Note 5 ,SAMSUNG,4 GB,32 GB,46900,3.9
804,SAMSUNG Galaxy Note 9 ,SAMSUNG,6 GB,128 GB,53999,4.6
805,SAMSUNG Galaxy S10 ,SAMSUNG,8 GB,128 GB,39999,4.6
806,SAMSUNG Galaxy S4 Mini ,SAMSUNG,1.5 GB,8 GB,20400,3.8
807,SAMSUNG Galaxy A50s ,SAMSUNG,6 GB,128 GB,21099,4.3
808,SAMSUNG M31 Prime ,SAMSUNG,6 GB,64 GB,18699,4.3
809,SAMSUNG Galaxy M20 ,SAMSUNG,32 GB,,9990,4.2
810,SAMSUNG Galaxy A9 Pro ,SAMSUNG,4 GB,32 GB,26900,4.3
811,SAMSUNG Galaxy S21 Plus ,SAMSUNG,8 GB,256 GB,75999,4.4
812,SAMSUNG Galaxy J2 - 2016 ,SAMSUNG,1.5 GB,8 GB,6990,4.0
813,SAMSUNG Galaxy J2 Pro ,SAMSUNG,2 GB,16 GB,8200,4.2
814,SAMSUNG Galaxy A70s ,SAMSUNG,6 GB,128 GB,17999,4.3
815,SAMSUNG Galaxy Note 10 Plus ,SAMSUNG,12 GB,512 GB,95000,4.6
816,SAMSUNG Galaxy A30s ,SAMSUNG,4 GB,64 GB,15899,4.3
817,SAMSUNG Galaxy S8 ,SAMSUNG,4 GB,64 GB,49990,4.6
818,SAMSUNG Z4 ,SAMSUNG,1 GB,8 GB,6200,3.5
819,SAMSUNG Galaxy Star Advance ,SAMSUNG,512 MB,4 GB,5499,3.8
820,SAMSUNG Galaxy J1 ,SAMSUNG,512 MB,4 GB,7454,4.0
821,SAMSUNG Galaxy S20 ,SAMSUNG,8 GB,128 GB,74000,4.3
822,SAMSUNG Metro 350,SAMSUNG,32 MB,2 MB,2815,4.1
823,SAMSUNG Galaxy S9 ,SAMSUNG,4 GB,128 GB,61900,4.4
824,SAMSUNG Galaxy Z Flip ,SAMSUNG,8 GB,256 GB,66000,
825,SAMSUNG Galaxy Alpha ,SAMSUNG,2 GB,32 GB,42000,3.6
826,SAMSUNG Metro 350,SAMSUNG,46 MB,2 MB,2699,4.1
827,SAMSUNG Galaxy Core Prime G361 Dual Sim - White ,SAMSUNG,1 GB,8 GB,7999,3.7
828,SAMSUNG Galaxy S9 Plus ,SAMSUNG,6 GB,128 GB,68900,4.5
829,SAMSUNG Metro,SAMSUNG,32 MB,2 MB,2849,4.2
830,SAMSUNG Galaxy E7 ,SAMSUNG,2 GB,16 GB,16200,4.3
831,SAMSUNG Galaxy Note 8 ,SAMSUNG,6 GB,64 GB,49999,4.6
832,SAMSUNG Galaxy A5-2017 ,SAMSUNG,3 GB,32 GB,22900,4.1
833,SAMSUNG Tizen Z3 ,SAMSUNG,1 GB,8 GB,6990,3.3
834,SAMSUNG Galaxy S10 Plus ,SAMSUNG,8 GB,128 GB,59900,4.6
835,SAMSUNG Galaxy On Nxt ,SAMSUNG,3 GB,16 GB,11200,4.3
836,SAMSUNG Galaxy M30S ,SAMSUNG,4 GB,128 GB,16999,4.3
837,SAMSUNG Galaxy J2 Ace ,SAMSUNG,1.5 GB,8 GB,8090,4.1
838,SAMSUNG Galaxy S4 ,SAMSUNG,2 GB,16 GB,15999,3.9
839,SAMSUNG Galaxy Note 3 ,SAMSUNG,3 GB,32 GB,50650,4.2
840,SAMSUNG Galaxy S Duos 3 ,SAMSUNG,512 MB,4 GB,6499,4.0
841,SAMSUNG Galaxy A3 ,SAMSUNG,1 GB,16 GB,8190,4.0
842,SAMSUNG Galaxy S6 Edge ,SAMSUNG,3 GB,64 GB,53900,4.0
843,SAMSUNG Galaxy Note 3 Neo ,SAMSUNG,2 GB,16 GB,19900,4.2
844,SAMSUNG Galaxy A8 ,SAMSUNG,2 GB,32 GB,33500,4.2
845,SAMSUNG Metro B312E Dual Sim - White,SAMSUNG,10 MB,2 MB,1599,4.4
846,SAMSUNG Galaxy A5 2016 Edition ,SAMSUNG,2 GB,16 GB,14490,4.1
847,SAMSUNG Galaxy J1 ,SAMSUNG,1 GB,8 GB,7550,4.0
848,SAMSUNG Metro 313,SAMSUNG,,Expandable Upto 16 GB,1990,4.1
849,SAMSUNG Galaxy A50 ,SAMSUNG,4 GB,64 GB,21000,4.3
850,SAMSUNG Galaxy S10 Lite ,SAMSUNG,8 GB,128 GB,40999,4.5
851,SAMSUNG Galaxy J7 ,SAMSUNG,1.5 GB,16 GB,11700,4.3
852,SAMSUNG Galaxy Core ,SAMSUNG,1 GB,8 GB,14700,4.0
853,SAMSUNG Metro SM-B313ez,SAMSUNG,,Expandable Upto 16 GB,2340,4.1
854,SAMSUNG Galaxy Note 10 ,SAMSUNG,8 GB,256 GB,73600,4.5
855,SAMSUNG Galaxy Grand Neo ,SAMSUNG,1 GB,8 GB,13500,3.8
856,SAMSUNG Galaxy Note 4 ,SAMSUNG,3 GB,32 GB,36900,4.1
857,SAMSUNG Galaxy Note 10 Plus ,SAMSUNG,12 GB,256 GB,59999,4.6
858,SAMSUNG On7 Pro ,SAMSUNG,2 GB,16 GB,5990,4.1
859,SAMSUNG Galaxy S10e ,SAMSUNG,6 GB,128 GB,59000,4.5
860,SAMSUNG Galaxy On8 ,SAMSUNG,3 GB,16 GB,13490,4.3
861,SAMSUNG Galaxy S7 Edge ,SAMSUNG,4 GB,32 GB,41900,4.4
862,SAMSUNG Galaxy A7 ,SAMSUNG,2 GB,16 GB,19990,4.1
863,SAMSUNG Galaxy A8 Star ,SAMSUNG,6 GB,64 GB,16989,4.3
864,SAMSUNG Galaxy S21 Ultra ,SAMSUNG,16 GB,512 GB,116999,4.3
865,SAMSUNG Galaxy S3 Neo ,SAMSUNG,1.5 GB,16 GB,17000,4.3
866,SAMSUNG Galaxy C7 Pro ,SAMSUNG,4 GB,64 GB,26600,4.4
867,SAMSUNG Galaxy M21 ,SAMSUNG,6 GB,128 GB,15499,4.2
868,SAMSUNG GT 1200 R/I/M,SAMSUNG,,2 MB,1099,4.1
869,SAMSUNG Galaxy M30 ,SAMSUNG,3 GB,32 GB,10399,4.3
870,SAMSUNG Galaxy Folder 2 ,SAMSUNG,2 GB,16 GB,27330,3.7
871,SAMSUNG Galaxy A6 ,SAMSUNG,4 GB,32 GB,12499,4.3
872,SAMSUNG SM-B310EZDDINS,SAMSUNG,100 MB,100 MB,1949,5.0
873,SAMSUNG Galaxy J5 - 6 New 2016 Edition) ,SAMSUNG,2 GB,16 GB,10990,4.2
874,SAMSUNG Metro 360,SAMSUNG,64 MB,100 MB,3499,4.2
875,SAMSUNG Z3 ,SAMSUNG,1 GB,8 GB,5590,3.4
876,SAMSUNG Grand Prime 4G ,SAMSUNG,1 GB,8 GB,9833,4.0
877,SAMSUNG Galaxy M20 ,SAMSUNG,3 GB,32 GB,10990,4.3
878,SAMSUNG Galaxy Ace NXT ,SAMSUNG,512 MB,4 GB,5795,3.8
879,SAMSUNG Fold 2 5G ,SAMSUNG,12 GB,256 GB,169999,
880,SAMSUNG Galaxy Core Prime ,SAMSUNG,1 GB,8 GB,5490,4.1
881,SAMSUNG On5 Pro ,SAMSUNG,2 GB,16 GB,6480,4.2
882,SAMSUNG Galaxy A5 ,SAMSUNG,2 GB,16 GB,17990,4.1
883,SAMSUNG Galaxy Note 5 ,SAMSUNG,4 GB,64 GB,49990,3.9
884,SAMSUNG Guru E1207T,SAMSUNG,,2 MB,1560,4.1
885,SAMSUNG Galaxy Star ,SAMSUNG,512 MB,4 GB,4199,3.8
886,SAMSUNG Galaxy Grand Neo Plus ,SAMSUNG,1 GB,8 GB,5999,4.0
887,SAMSUNG Galaxy Note Edge ,SAMSUNG,3 GB,32 GB,30000,3.3
888,SAMSUNG Galaxy S6 ,SAMSUNG,3 GB,64 GB,55900,4.0
889,SAMSUNG Grand Prime ,SAMSUNG,1 GB,8 GB,7992,4.0
890,SAMSUNG Galaxy S9 ,SAMSUNG,4 GB,256 GB,65900,4.4
891,SAMSUNG Galaxy S8 Plus ,SAMSUNG,6 GB,128 GB,48669,4.6
892,SAMSUNG Rex 60,SAMSUNG,30 MB,Expandable Upto 16 GB,3400,3.3
893,SAMSUNG Galaxy S7 ,SAMSUNG,4 GB,32 GB,23500,4.4
894,SAMSUNG Galaxy E5 ,SAMSUNG,1.5 GB,16 GB,20400,4.2
895,SAMSUNG Galaxy M30 ,SAMSUNG,6 GB,128 GB,15890,4.3
896,SAMSUNG Galaxy S6 ,SAMSUNG,3 GB,32 GB,33900,4.0
897,SAMSUNG Galaxy Star Pro ,SAMSUNG,512 MB,4 GB,4199,3.8
898,SAMSUNG Galaxy Trend ,SAMSUNG,512 MB,4 GB,4999,3.6
899,SAMSUNG Sm-G361Hhadins ,SAMSUNG,1 GB,8 GB,8999,3.0
900,SAMSUNG Guru FM Plus,SAMSUNG,4 MB,4 MB,4500,
901,SAMSUNG Galaxy Grand Quattro ,SAMSUNG,1 GB,8 GB,6999,4.0
902,SAMSUNG Galaxy Grand I9082 ,SAMSUNG,1 GB,8 GB,8999,4.0
903,SAMSUNG Galaxy Mega 5.8 ,SAMSUNG,1.5 GB,8 GB,26000,3.8
904,SAMSUNG Galaxy Note 5 Dual ,SAMSUNG,4 GB,32 GB,39899,4.1
905,SAMSUNG GURU FM PLUS,SAMSUNG,4 MB,256 MB,1662,
906,SAMSUNG Galaxy Core 2 ,SAMSUNG,768 MB,4 GB,5940,3.9
907,SAMSUNG Galaxy Pocket Neo ,SAMSUNG,512 MB,4 GB,5000,3.9
908,SAMSUNG Galaxy S Duos 2 ,SAMSUNG,512 MB,4 GB,5999,4.0
909,SAMSUNG Galaxy S4 Zoom ,SAMSUNG,1.5 GB,8 GB,19999,3.8
910,SAMSUNG Galaxy Grand Prime 4g ,SAMSUNG,1 GB,8 GB,8250,3.9
911,SAMSUNG S7 Edge ,SAMSUNG,4 GB,128 GB,36900,4.3
912,SAMSUNG Galaxy S6 Edge+ ,SAMSUNG,4 GB,32 GB,34999,4.2
913,Lenovo A6600d40 ,Lenovo,2 GB,16 GB,7999,4.0
914,Lenovo K8 Plus ,Lenovo,3 GB,32 GB,10999,4.2
915,Lenovo K3 Note ,Lenovo,2 GB,16 GB,7999,4.0
916,Lenovo S930 ,Lenovo,1 GB,8 GB,13604,4.3
917,Lenovo A269i ,Lenovo,512 MB,512 MB,5499,3.7
918,Lenovo A7 ,Lenovo,2 GB,32 GB,7490,4.0
919,Lenovo A5 ,Lenovo,3 GB,32 GB,7999,4.1
920,Lenovo A5 ,Lenovo,2 GB,16 GB,6999,4.1
921,Lenovo A2010 ,Lenovo,1 GB,8 GB,4990,3.9
922,Lenovo Vibe Shot ,Lenovo,3 GB,32 GB,9799,3.7
923,Lenovo A7700 ,Lenovo,2 GB,16 GB,6499,3.9
924,Lenovo K8 Note ,Lenovo,3 GB,32 GB,7490,4.1
925,Lenovo K9 ,Lenovo,3 GB,32 GB,9999,4.2
926,Lenovo VIBE P1m ,Lenovo,2 GB,16 GB,6999,4.1
927,Lenovo K8 Note ,Lenovo,4 GB,64 GB,8499,4.1
928,Lenovo Z2 Plus ,Lenovo,4 GB,64 GB,19999,3.8
929,Lenovo A7 ,Lenovo,4 GB,64 GB,8490,3.9
930,Lenovo Vibe K5 Note ,Lenovo,3 GB,32 GB,10999,4.1
931,Lenovo Vibe K5 Note ,Lenovo,4 GB,32 GB,12499,4.1
932,Lenovo B ,Lenovo,1 GB,8 GB,4890,3.8
933,Lenovo Vibe K5 Note ,Lenovo,4 GB,64 GB,13499,4.1
934,Lenovo S850 ,Lenovo,1 GB,16 GB,18499,4.0
935,Lenovo A6600 ,Lenovo,1 GB,16 GB,5499,3.8
936,Lenovo A5000 ,Lenovo,1 GB,8 GB,9999,4.0
937,Lenovo A6600 Plus ,Lenovo,2 GB,16 GB,6266,3.9
938,Lenovo A536 ,Lenovo,1 GB,8 GB,7700,3.8
939,Lenovo A7000 ,Lenovo,2 GB,8 GB,8999,4.0
940,Lenovo K10 Note ,Lenovo,4 GB,64 GB,16999,4.1
941,Lenovo A7000 Turbo ,Lenovo,2 GB,16 GB,5999,3.8
942,Lenovo Vibe K5 Plus ,Lenovo,2 GB,16 GB,8499,4.0
943,Lenovo Vibe K5 Plus ,Lenovo,3 GB,16 GB,7999,4.0
944,Lenovo K6 Note ,Lenovo,4 GB,32 GB,9150,4.0
945,Lenovo K6 Power ,Lenovo,4 GB,32 GB,8999,4.0
946,Lenovo X2-AP ,Lenovo,2 GB,32 GB,17499,3.7
947,Lenovo K6 Power ,Lenovo,3 GB,32 GB,7499,4.1
948,Lenovo K6 Note ,Lenovo,3 GB,32 GB,7490,4.1
949,Lenovo K10 Plus ,Lenovo,4 GB,64 GB,13999,4.1
950,Lenovo P770 ,Lenovo,1 GB,4 GB,12899,4.3
951,Lenovo VIBE P1 ,Lenovo,2 GB,32 GB,15999,4.1
952,Lenovo K4 Note ,Lenovo,3 GB,16 GB,7999,3.9
953,Lenovo S660 ,Lenovo,1 GB,8 GB,14999,4.0
954,Lenovo Vibe Z2 Pro ,Lenovo,3 GB,32 GB,29999,4.0
955,Lenovo K9 Note ,Lenovo,4 GB,64 GB,11999,4.1
956,Lenovo P780 ,Lenovo,1 GB,4 GB,15410,4.1
957,Lenovo A850 ,Lenovo,1 GB,4 GB,15999,4.1
958,Lenovo A390 ,Lenovo,512 MB,4 GB,7580,3.7
959,Lenovo K8 Plus ,Lenovo,4 GB,32 GB,11999,4.1
960,Lenovo P2 ,Lenovo,4 GB,32 GB,17999,4.3
961,Lenovo A328 ,Lenovo,1 GB,4 GB,7499,3.8
962,Lenovo K10 Note ,Lenovo,6 GB,128 GB,18999,4.1
963,Lenovo A6 Note ,Lenovo,3 GB,32 GB,9999,4.2
964,Lenovo P2 ,Lenovo,3 GB,32 GB,16999,4.3
965,Lenovo Vibe P1 Turbo ,Lenovo,3 GB,32 GB,7650,3.7
966,Lenovo A1000 ,Lenovo,1 GB,8 GB,3549,3.8
967,Lenovo Z2 Plus ,Lenovo,3 GB,32 GB,17999,3.9
968,Lenovo K8 ,Lenovo,3 GB,32 GB,7490,4.1
969,Lenovo A6000 Plus ,Lenovo,2 GB,16 GB,7499,4.1
970,Lenovo S560 ,Lenovo,1 GB,8 GB,19999,4.1
971,Lenovo Sisley S60 ,Lenovo,2 GB,8 GB,6980,3.5
972,Lenovo P70 ,Lenovo,2 GB,16 GB,6989,3.5
973,Lenovo A319 ,Lenovo,512 MB,4 GB,4200,3.6
974,Lenovo S90 Or Sisley S90 ,Lenovo,2 GB,32 GB,12999,3.6
975,Lenovo A6000 Shot ,Lenovo,2 GB,16 GB,6200,3.7
976,Lenovo Vibe S1 ,Lenovo,3 GB,32 GB,13490,
977,Lenovo K6 POWER ,Lenovo,4 GB,32 GB,7999,4.0
978,Lenovo K3 Note Music ,Lenovo,2 GB,16 GB,9795,3.7
979,Lenovo ZUK Z1 ,Lenovo,3 GB,64 GB,7499,3.4
980,Motorola E7 Power ,Motorola,4 GB,64 GB,8799,4.1
981,Motorola Edge 20 Fusion ,Motorola,8 GB,128 GB,22999,
982,Motorola G10 Power ,Motorola,4 GB,64 GB,10499,4.1
983,Motorola G60 ,Motorola,6 GB,128 GB,17999,4.2
984,Motorola G40 Fusion ,Motorola,6 GB,128 GB,16499,4.3
985,Motorola G40 Fusion ,Motorola,4 GB,64 GB,14499,4.3
986,Motorola 2nd Generation ,Motorola,1 GB,16 GB,8999,4.2
987,Motorola Edge 20 ,Motorola,8 GB,128 GB,29999,4.4
988,Motorola G8 Power Lite ,Motorola,4 GB,64 GB,9999,4.3
989,Motorola Edge 20 Fusion ,Motorola,6 GB,128 GB,21499,3.9
990,Motorola X4,Motorola,3 GB,32 GB,21999,4.3
991,Motorola Razr 5G ,Motorola,8 GB,256 GB,89999,4.0
992,Motorola E5,Motorola,2 GB,16 GB,12000,4.3
993,Motorola Razr ,Motorola,6 GB,128 GB,74999,3.8
994,Motorola X Play,Motorola,2 GB,16 GB,17499,4.2
995,Motorola C Plus,Motorola,2 GB,16 GB,6900,4.2
996,Motorola G6,Motorola,4 GB,64 GB,20000,4.2
997,Motorola M,Motorola,4 GB,64 GB,12999,3.9
998,Motorola One Vision ,Motorola,4 GB,128 GB,14999,4.2
999,Motorola G30 ,Motorola,4 GB,64 GB,10999,4.1
1000,Motorola G5,Motorola,6 GB,128 GB,20999,4.2
1001,Motorola G9 Power ,Motorola,4 GB,64 GB,11999,4.1
1002,Motorola E7 Power ,Motorola,2 GB,32 GB,6999,4.1
1003,Motorola G 2nd Generation ,Motorola,1 GB,16 GB,8999,4.2
1004,Motorola One Fusion+ ,Motorola,6 GB,128 GB,17499,4.4
1005,Motorola G9 ,Motorola,4 GB,64 GB,10999,4.2
1006,Motorola E7 Plus ,Motorola,4 GB,64 GB,8999,4.2
1007,Motorola One Action ,Motorola,4 GB,128 GB,10999,4.2
1008,Motorola E 2nd Gen 3G ,Motorola,1 GB,8 GB,5999,4.1
1009,Motorola E6s,Motorola,4 GB,64 GB,7999,4.1
1010,Motorola C,Motorola,1 GB,16 GB,5499,3.9
1011,Motorola E5 Plus,Motorola,3 GB,32 GB,11999,4.2
1012,Motorola Edge+ ,Motorola,12 GB,256 GB,64999,4.1
1013,Motorola G 3rd Generation ,Motorola,1 GB,8 GB,11999,4.2
1014,Motorola One Macro ,Motorola,4 GB,64 GB,9499,4.3
1015,Motorola G5s,Motorola,4 GB,32 GB,7350,4.1
1016,Motorola X 2nd Generation ,Motorola,2 GB,16 GB,14500,4.2
1017,Motorola G7,Motorola,4 GB,64 GB,9999,4.3
1018,Motorola X4,Motorola,6 GB,64 GB,24999,4.3
1019,Motorola One,Motorola,4 GB,64 GB,14999,4.1
1020,Motorola Z2 Play,Motorola,4 GB,64 GB,27999,4.4
1021,Motorola One Power ,Motorola,4 GB,64 GB,18999,4.3
1022,Motorola Quench X T3,Motorola,512 MB,16 GB,14939,2.4
1023,Motorola X4,Motorola,4 GB,64 GB,23999,4.3
1024,Motorola G8 Plus,Motorola,4 GB,64 GB,12999,4.3
1025,Motorola G,Motorola,1 GB,16 GB,9999,4.4
1026,Motorola G6 Play,Motorola,3 GB,32 GB,12999,4.1
1027,Motorola XT502,Motorola,512 MB,16 GB,15990,3.8
1028,Motorola G6 Plus ,Motorola,6 GB,64 GB,11829,4.3
1029,Motorola G4 Plus,Motorola,2 GB,16 GB,5999,4.0
1030,Motorola G7 Power,Motorola,4 GB,64 GB,15999,4.3
1031,Motorola G4,Motorola,2 GB,16 GB,6999,3.9
1032,Motorola Z Play,Motorola,3 GB,32 GB,24999,4.4
1033,Motorola G5,Motorola,3 GB,16 GB,5450,4.2
1034,Motorola G5 Plus,Motorola,3 GB,32 GB,10999,3.7
1035,Motorola X 2nd Generation ,Motorola,2 GB,32 GB,24999,4.2
1036,Motorola Z2 Force,Motorola,6 GB,64 GB,14999,4.1
1037,Motorola G6,Motorola,3 GB,32 GB,13999,4.2
1038,Motorola M,Motorola,3 GB,32 GB,14999,3.9
1039,Motorola G4 Plus,Motorola,3 GB,32 GB,6999,4.0
1040,POCO X3 Pro ,POCO,8 GB,128 GB,20999,4.4
1041,POCO X3 Pro ,POCO,6 GB,128 GB,18999,4.4
1042,POCO M3 Pro 5G ,POCO,6 GB,128 GB,16499,4.2
1043,POCO M3 ,POCO,6 GB,64 GB,11999,4.3
1044,POCO M2 Reloaded ,POCO,4 GB,64 GB,9999,4.3
1045,POCO M3 ,POCO,4 GB,64 GB,10999,4.3
1046,POCO C3 ,POCO,4 GB,64 GB,8999,4.3
1047,POCO C3 ,POCO,3 GB,32 GB,7999,4.3
1048,vivo Y20G ,vivo,6 GB,128 GB,13400,4.3
1049,vivo Y21 ,vivo,,64 GB,69990,3.8
1050,vivo Y21 ,vivo,8 GB,256 GB,49990,4.4
1051,vivo Y20G ,vivo,2 GB,32 GB,49990,4.2
1052,vivo Y20A 2021 ,vivo,,64 GB,39990,3.8
1053,vivo Y33s ,vivo,3 GB,64 GB,39990,4.4
1054,vivo Y33s ,vivo,6 GB,64 GB,37990,4.4
1055,vivo Y20A ,vivo,3 GB,64 GB,36990,4.4
1056,vivo Y21 ,vivo,2 GB,32 GB,34990,4.3
1057,vivo Y21 ,vivo,6 GB,128 GB,32990,4.3
1058,vivo Y12s ,vivo,3 GB,32 GB,32990,4.4
1059,vivo Y12s ,vivo,4 GB,64 GB,32990,4.4
1060,vivo Y20G 2021 ,vivo,4 GB,64 GB,29990,
1061,vivo Y20G 2021 ,vivo,6 GB,128 GB,29990,4.3
1062,vivo Y20A 2021 ,vivo,3 GB,64 GB,29990,4.4
1063,vivo Y73 ,vivo,,128 GB,29990,
1064,vivo Y73 ,vivo,3 GB,64 GB,28990,4.4
1065,vivo Y1s ,vivo,6 GB,64 GB,28499,4.4
1066,vivo Y12G ,vivo,3 GB,64 GB,27990,4.4
1067,vivo Y51A ,vivo,3 GB,16 GB,23990,4.3
1068,vivo Y20G ,vivo,4 GB,64 GB,23990,4.4
1069,vivo Y1s ,vivo,4 GB,32 GB,22990,4.4
1070,vivo Y1S ,vivo,4 GB,32 GB,22654,4.4
1071,vivo Y72 5G ,vivo,8 GB,128 GB,21990,4.4
1072,vivo Y72 5G ,vivo,4 GB,128 GB,21099,4.4
1073,vivo Y20A ,vivo,4 GB,128 GB,20600,4.4
1074,vivo V21e ,vivo,6 GB,64 GB,19990,4.5
1075,vivo Y72 5G ,vivo,4 GB,64 GB,19990,4.4
1076,vivo Y51A ,vivo,4 GB,32 GB,19490,4.4
1077,vivo Y20 ,vivo,4 GB,32 GB,19490,4.4
1078,vivo V21e ,vivo,3 GB,16 GB,18990,4.3
1079,vivo Y20G ,vivo,3 GB,16 GB,18990,4.3
1080,vivo V20 SE ,vivo,3 GB,32 GB,17999,4.3
1081,vivo Y11 ,vivo,4 GB,64 GB,16990,4.4
1082,vivo Y53s ,vivo,6 GB,64 GB,16989,4.5
1083,vivo X60 ,vivo,4 GB,64 GB,16490,4.4
1084,vivo Y12G ,vivo,6 GB,128 GB,15990,4.5
1085,vivo Y12G ,vivo,4 GB,64 GB,15990,4.5
1086,vivo Y12G ,vivo,12 GB,256 GB,15900,4.4
1087,vivo V20 2021 ,vivo,12 GB,256 GB,15490,4.4
1088,vivo V21 5G ,vivo,8 GB,256 GB,15490,4.5
1089,vivo V21 5G ,vivo,12 GB,256 GB,14990,4.4
1090,vivo Y91i ,vivo,8 GB,128 GB,14990,4.4
1091,vivo Y53s ,vivo,8 GB,128 GB,14500,4.3
1092,vivo Y20 ,vivo,8 GB,256 GB,13995,4.3
1093,vivo Y31 ,vivo,8 GB,256 GB,13990,4.3
1094,vivo Y30 ,vivo,8 GB,128 GB,13990,4.4
1095,vivo X60 ,vivo,8 GB,128 GB,13990,4.3
1096,vivo Y1S ,vivo,8 GB,128 GB,13890,4.3
1097,vivo V20 SE ,vivo,8 GB,128 GB,12900,4.3
1098,vivo V20 2021 ,vivo,8 GB,128 GB,11990,4.3
1099,vivo V20 Pro ,vivo,4 GB,128 GB,10990,4.3
1100,vivo X60 ,vivo,3 GB,64 GB,8205,4.4
1101,Xiaomi Mi 10 ,Xiaomi,8 GB,256 GB,54999,4.2
1102,Xiaomi Mi 10i ,Xiaomi,8 GB,128 GB,24890,4.3
1103,Xiaomi Mi 10i ,Xiaomi,6 GB,128 GB,22650,4.3
1104,Xiaomi Mi 10T ,Xiaomi,6 GB,128 GB,32999,4.2
1105,Xiaomi Mi 10T ,Xiaomi,8 GB,128 GB,34999,4.4
1106,Xiaomi Mi 11 Lite ,Xiaomi,8 GB,128 GB,23999,4.2
1107,Xiaomi Mi 11 Lite ,Xiaomi,6 GB,128 GB,21999,4.2
1108,Xiaomi Mi 11X ,Xiaomi,8 GB,128 GB,26824,4.4
1109,Xiaomi Mi 11X ,Xiaomi,6 GB,128 GB,24744,4.2
1110,Xiaomi MI 11X 5G ,Xiaomi,6 GB,128 GB,26295,4.1
1111,Xiaomi Mi 11X Pro 5G ,Xiaomi,8 GB,128 GB,36290,4.2
1112,Xiaomi Mi 11X Pro 5G ,Xiaomi,8 GB,256 GB,38950,4.2
1113,Xiaomi Mi A2 ,Xiaomi,6 GB,128 GB,14949,3.8
1114,Xiaomi Mi A2 ,Xiaomi,4 GB,64 GB,11990,4.3
1115,Xiaomi Mi A3 ,Xiaomi,4 GB,64 GB,12990,4.3
1116,Xiaomi Mi Max 2 ,Xiaomi,4 GB,64 GB,13990,4.4
1117,Xiaomi MI3 ,Xiaomi,2 GB,16 GB,7999,4.3
1118,Xiaomi Redmi 5 ,Xiaomi,3 GB,32 GB,9900,4.4
1119,Xiaomi Redmi 5 ,Xiaomi,4 GB,64 GB,10990,4.2
1120,Xiaomi Redmi 6 ,Xiaomi,3 GB,64 GB,10450,4.2
1121,Xiaomi Redmi 6 Pro ,Xiaomi,4 GB,64 GB,12349,4.5
1122,Xiaomi Redmi 6 Pro ,Xiaomi,3 GB,32 GB,9990,4.5
1123,Xiaomi Redmi 6A ,Xiaomi,2 GB,32 GB,7989,4.3
1124,Xiaomi Redmi 7 ,Xiaomi,2 GB,32 GB,9490,4.5
1125,Xiaomi Redmi 7A ,Xiaomi,2 GB,16 GB,6499,4.5
1126,Xiaomi Redmi 7A ,Xiaomi,2 GB,32 GB,6999,4.5
1127,Xiaomi Redmi 8 ,Xiaomi,4 GB,64 GB,10999,4.3
1128,Xiaomi Redmi 8A ,Xiaomi,2 GB,32 GB,7999,4.4
1129,Xiaomi Redmi 8A Dual ,Xiaomi,3 GB,32 GB,8299,4.4
1130,Xiaomi Redmi 8A Dual ,Xiaomi,3 GB,64 GB,9199,4.5
1131,Xiaomi Redmi 9 ,Xiaomi,4 GB,64 GB,10070,4.2
1132,Xiaomi Redmi 9 ,Xiaomi,4 GB,128 GB,11199,4.4
1133,Xiaomi REDMI 9 Power ,Xiaomi,6 GB,128 GB,13499,4.2
1134,Xiaomi REDMI 9 Power ,Xiaomi,4 GB,64 GB,11499,4.4
1135,Xiaomi REDMI 9 Prime ,Xiaomi,4 GB,64 GB,10499,4.4
1136,Xiaomi REDMI 9 Prime ,Xiaomi,4 GB,128 GB,13999,4.3
1137,Xiaomi Redmi 9A ,Xiaomi,2 GB,32 GB,7589,4.5
1138,Xiaomi Redmi 9A ,Xiaomi,3 GB,32 GB,8389,4.4
1139,Xiaomi REDMI 9i ,Xiaomi,4 GB,64 GB,8799,4.2
1140,Xiaomi Redmi K20 ,Xiaomi,6 GB,128 GB,18429,4.1
1141,Xiaomi Redmi K20 ,Xiaomi,6 GB,64 GB,22999,3.8
1142,Xiaomi Redmi K20 Pro ,Xiaomi,6 GB,128 GB,28999,4.5
1143,Xiaomi Redmi K20 Pro ,Xiaomi,8 GB,256 GB,29999,4.4
1144,Xiaomi REDMI Note 10 Pro ,Xiaomi,6 GB,128 GB,19799,4.4
1145,Xiaomi REDMI Note 10S ,Xiaomi,6 GB,128 GB,17765,4.4
1146,Xiaomi Redmi Note 4 ,Xiaomi,3 GB,32 GB,9499,4.3
1147,Xiaomi Redmi Note 4 ,Xiaomi,4 GB,64 GB,9999,4.5
1148,Xiaomi Redmi Note 5 ,Xiaomi,3 GB,32 GB,9990,4.2
1149,Xiaomi Redmi Note 5 ,Xiaomi,4 GB,64 GB,10999,4.3
1150,Xiaomi Redmi Note 5 Pro ,Xiaomi,4 GB,64 GB,14999,4.4
1151,Xiaomi Redmi Note 5 Pro ,Xiaomi,6 GB,64 GB,16999,4.2
1152,Xiaomi Redmi Note 6 Pro ,Xiaomi,6 GB,64 GB,14999,4.1
1153,Xiaomi Redmi Note 6 Pro ,Xiaomi,4 GB,64 GB,12349,4.4
1154,Xiaomi Redmi Note 7 ,Xiaomi,3 GB,32 GB,11900,
1155,Xiaomi Redmi Note 7 ,Xiaomi,4 GB,64 GB,11748,4.3
1156,Xiaomi Redmi Note 7 Pro ,Xiaomi,4 GB,64 GB,14450,4.5
1157,Xiaomi Redmi Note 7 Pro ,Xiaomi,6 GB,128 GB,15449,4.5
1158,Xiaomi Redmi Note 7 Pro ,Xiaomi,6 GB,64 GB,14980,4.5
1159,Xiaomi Redmi Note 7S ,Xiaomi,4 GB,64 GB,13999,4.4
1160,Xiaomi Redmi Note 8 ,Xiaomi,4 GB,64 GB,12999,4.3
1161,Xiaomi REDMI Note 9 ,Xiaomi,4 GB,64 GB,11999,
1162,Xiaomi Redmi Note 9 Pro ,Xiaomi,4 GB,64 GB,15990,4.3
1163,Xiaomi Redmi Note 9 Pro ,Xiaomi,4 GB,128 GB,15998,4.5
1164,Xiaomi Redmi Note 9 Pro ,Xiaomi,6 GB,128 GB,18499,4.3
1165,Xiaomi Redmi Y1 ,Xiaomi,3 GB,32 GB,8990,4.3
1166,Xiaomi Redmi Y2 ,Xiaomi,3 GB,32 GB,9478,4.3
1167,Xiaomi Redmi Y2 ,Xiaomi,4 GB,64 GB,10999,4.3
1168,Xiaomi Redmi Y3 ,Xiaomi,4 GB,64 GB,12999,4.3
1169,Xiaomi Redmi Y3 ,Xiaomi,3 GB,32 GB,9450,4.3
1170,HTC U11,HTC,6 GB,128 GB,53990,4.6
1171,HTC U Ultra,HTC,4 GB,64 GB,62990,4.0
1172,HTC Desire 630,HTC,2 GB,16 GB,12570,3.8
1173,HTC 10,HTC,4 GB,32 GB,47990,4.2
1174,HTC 628,HTC,3 GB,32 GB,15400,3.7
1175,HTC Desire 626,HTC,2 GB,16 GB,11810,3.7
1176,HTC Desire 828,HTC,2 GB,16 GB,16990,3.7
1177,HTC Desire 826 DS,HTC,2 GB,16 GB,26999,3.7
1178,HTC 820 G+,HTC,1 GB,16 GB,19695,3.9
1179,HTC Desire 326G DS,HTC,1 GB,8 GB,9590,3.7
1180,HTC One E9+,HTC,3 GB,32 GB,38800,3.9
1181,HTC 626G Plus,HTC,1 GB,8 GB,8999,3.9
1182,HTC 826,HTC,2 GB,16 GB,27990,3.7
1183,HTC 526G Plus,HTC,1 GB,16 GB,12400,4.0
1184,HTC 820S,HTC,2 GB,16 GB,25500,3.9
1185,HTC Desire 820,HTC,2 GB,16 GB,25999,4.1
1186,HTC Desire 526G Plus,HTC,1 GB,16 GB,9900,4.0
1187,HTC 816G,HTC,1 GB,16 GB,21990,3.9
1188,HTC 620G,HTC,1 GB,8 GB,7999,3.9
1189,HTC 620G,HTC,1 GB,16 GB,23999,4.1
1190,HTC Desire 816G,HTC,1 GB,16 GB,21999,4.0
1191,HTC Desire 616,HTC,1 GB,4 GB,17200,3.8
1192,HTC Desire 516,HTC,1 GB,4 GB,15200,3.5
1193,HTC One M8 ,HTC,2 GB,16 GB,59900,4.4
1194,HTC Desire 816  ,HTC,1.5 GB,8 GB,27390,4.1
1195,HTC Desire 210,HTC,512 MB,4 GB,9990,3.6
1196,HTC Desire 700,HTC,1 GB,8 GB,35490,3.8
1197,HTC One 802D,HTC,2 GB,32 GB,59590,4.1
1198,Nokia XR 20,Nokia,6 GB,128 GB,46988,4.3
1199,OPPO A16,OPPO,3 GB,32 GB,10490,3.7
1200,OPPO A55,OPPO,4 GB,64 GB,15490,4.3
1201,OPPO A55,OPPO,6 GB,128 GB,17490,3.8
1202,POCO F3 GT,POCO,8 GB,128 GB,28999,4.3
1203,POCO F3 GT,POCO,6 GB,128 GB,28999,4.3
1204,POCO F3 GT,POCO,8 GB,256 GB,30999,4.3
1205,POCO F1,POCO,6 GB,128 GB,24999,4.5
1206,POCO F1,POCO,6 GB,256 GB,28999,4.5
1207,POCO F1,POCO,8 GB,256 GB,30999,4.5
1208,POCO F1,POCO,6 GB,64 GB,21999,4.5
1209,POCO M2 Pro,POCO,6 GB,64 GB,14999,4.4
1210,POCO M2 Pro,POCO,4 GB,64 GB,13999,4.3
1211,POCO M2 Pro,POCO,6 GB,128 GB,15999,4.4
1212,POCO M2  ,POCO,6 GB,128 GB,11499,4.4
1213,POCO M2  ,POCO,6 GB,64 GB,10499,4.4
1214,POCO X2,POCO,6 GB,64 GB,14999,4.5
1215,POCO X2 Special Edition,POCO,6 GB,128 GB,15999,4.5
1216,POCO X2,POCO,6 GB,128 GB,15999,4.5
1217,POCO X2,POCO,8 GB,256 GB,21499,4.5
1218,realme 9i,realme,6 GB,128 GB,15999,4.4
1219,realme 9i,realme,4 GB,64 GB,13999,4.5
1220,realme GT Master Edition ,realme,8 GB,128 GB,27999,4.4
1221,realme C25Y ,realme,4 GB,64 GB,10999,4.5
1222,realme GT Neo 2,realme,12 GB,256 GB,35999,4.4
1223,realme GT Neo 2,realme,8 GB,128 GB,31999,4.4
1224,realme GT Master Edition ,realme,8 GB,256 GB,29999,4.3
1225,realme X7 Max,realme,8 GB,128 GB,26999,4.4
1226,realme X7 Max,realme,12 GB,256 GB,29999,4.3
1227,SAMSUNG Galaxy F42 5G ,SAMSUNG,6 GB,128 GB,20999,4.1
1228,SAMSUNG Galaxy F42 5G ,SAMSUNG,8 GB,128 GB,22999,4.1
1229,vivo Y21A,vivo,4 GB,64 GB,14449,4.1
1230,vivo Y33T,vivo,8 GB,128 GB,18990,3.9
1231,vivo Y21T,vivo,4 GB,128 GB,16490,4.1
1232,vivo V23 5G,vivo,12 GB,256 GB,34990,4.4
1233,vivo V23 5G,vivo,8 GB,128 GB,29990,4.4
1234,vivo V23 Pro 5G,vivo,8 GB,128 GB,38990,4.3
1235,vivo V23 Pro 5G,vivo,12 GB,256 GB,43990,4.1
1236,vivo V21 5G ,vivo,8 GB,128 GB,32990,4.3
1237,vivo Y20 T,vivo,6 GB,64 GB,15490,4.3
1238,vivo X70 Pro+,vivo,12 GB,256 GB,79990,4.5
1239,vivo X70 Pro ,vivo,8 GB,256 GB,49990,4.5
1240,vivo X70 Pro ,vivo,12 GB,256 GB,52990,4.5
1241,vivo X70 Pro ,vivo,8 GB,128 GB,46990,4.5
1242,vivo X60 Pro,vivo,12 GB,256 GB,54990,4.4
1243,vivo X50 Pro,vivo,8 GB,256 GB,54990,4.5
1244,vivo X50  ,vivo,8 GB,256 GB,44990,5.0
1245,vivo U10,vivo,3 GB,32 GB,10990,4.4
1246,vivo U11,vivo,3 GB,64 GB,11990,4.4
1247,vivo U12,vivo,4 GB,64 GB,13990,4.4
1248,vivo S1,vivo,6 GB,64 GB,20990,4.4
1249,vivo Z1x,vivo,6 GB,64 GB,19990,4.5
1250,vivo S1,vivo,4 GB,128 GB,19990,4.4
1251,vivo S2,vivo,4 GB,128 GB,19990,5.0
1252,vivo Z1 Pro,vivo,4 GB,64 GB,15990,4.5
1253,vivo Z1 Pro,vivo,6 GB,64 GB,17990,4.5
1254,vivo X50  ,vivo,8 GB,128 GB,39990,4.3
1255,vivo S1,vivo,6 GB,128 GB,22990,4.4
1256,vivo Y90,vivo,2 GB,16 GB,7990,4.4
1257,vivo Y93,vivo,3 GB,64 GB,11990,4.4
1258,vivo Y94,vivo,4 GB,32 GB,15990,4.4
1259,vivo Y95,vivo,4 GB,32 GB,17000,4.4
1260,vivo Y95,vivo,4 GB,64 GB,18990,4.4
1261,vivo Y83,vivo,4 GB,32 GB,15990,4.4
1262,vivo V9,vivo,4 GB,64 GB,23400,4.5
1263,vivo X21,vivo,6 GB,128 GB,35399,4.3
1264,vivo V9 Youth,vivo,4 GB,32 GB,19899,4.4
1265,vivo V7+,vivo,4 GB,64 GB,22099,4.4
1266,vivo Y69,vivo,3 GB,32 GB,11999,4.3
1267,vivo Y83 Pro,vivo,4 GB,64 GB,14500,4.4
1268,vivo V11 Pro,vivo,6 GB,64 GB,25990,4.5
1269,vivo Y71i,vivo,2 GB,16 GB,8990,4.3
1270,vivo V7  ,vivo,4 GB,32 GB,15990,4.4
1271,Xiaomi Y11T Pro,Xiaomi,8 GB,256 GB,42999,4.3
1272,Xiaomi Y11T Pro,Xiaomi,,256 GB,41996,4.3
1273,Xiaomi 11i 5G,Xiaomi,6 GB,128 GB,24999,4.3
1274,Xiaomi 11i 5G,Xiaomi,8 GB,128 GB,28999,4.3
1275,Xiaomi 11i Hypercharge 5G,Xiaomi,6 GB,128 GB,26999,4.2
1276,Xiaomi 11i Hypercharge 5G,Xiaomi,8 GB,128 GB,28999,4.3
1277,Xiaomi Redmi Note 11T 5G,Xiaomi,6 GB,64 GB,18979,4.3
1278,Xiaomi Redmi Note 11T 5G,Xiaomi,8 GB,128 GB,21736,4.3
1279,Xiaomi Redmi Note 11T 5G,Xiaomi,6 GB,129 GB,19119,4.2
1280,Xiaomi Redmi Note 11T 5G,Xiaomi,6 GB,130 GB,19100,4.2
1281,Xiaomi Redmi Note 11T 5G,Xiaomi,6 GB,128 GB,18778,4.2
1282,Xiaomi Redmi Note 11T 5G,Xiaomi,8 GB,129 GB,22163,4.2
1283,Xiaomi Note 10 lite,Xiaomi,4 GB,64 GB,15998,4.3
1284,Xiaomi Note 10 lite,Xiaomi,4 GB,128 GB,14990,4.3
1285,Xiaomi 9A Sport,Xiaomi,3 GB,32 GB,8599,4.3
1286,Xiaomi 11 Lite NE,Xiaomi,8 GB,128 GB,27999,4.4
1287,Xiaomi 11 Lite NE,Xiaomi,6 GB,128 GB,23990,4.3
1288,Xiaomi 9A Sport,Xiaomi,2 GB,32 GB,7798,4.3
1289,Xiaomi 11 Lite NE,Xiaomi,8 GB,129 GB,25999,4.3
1290,Xiaomi 11 Lite NE,Xiaomi,8 GB,130 GB,25999,4.3
1291,Infinix Hot 10 Play,Infinix,3 GB,32 GB,8299,4.3
1292,Infinix Hot 11S,Infinix,4 GB,64 GB,10999,4.3
1293,Infinix Hot 11,Infinix,4 GB,64 GB,9999,4.4
1294,Infinix Hot 10S,Infinix,6 GB,64 GB,10999,4.3
1295,Infinix Smart 5,Infinix,2 GB,32 GB,7499,4.3
1296,Infinix Smart 6,Infinix,2 GB,32 GB,7499,4.3
1297,Infinix Smart 7,Infinix,2 GB,32 GB,7499,4.3
1298,Infinix Smart 8,Infinix,2 GB,32 GB,7499,4.3
1299,Infinix Note 11 ,Infinix,6 GB,128 GB,14499,4.5
1300,Infinix Smart 5A,Infinix,2 GB,32 GB,7199,4.4
1301,Infinix Smart HD 2021,Infinix,2 GB,32 GB,7990,4.3
1302,Infinix Hot 11S,Infinix,4 GB,128 GB,11999,4.3
1303,Infinix Hot 10S,Infinix,4 GB,64 GB,9999,4.3
1304,Infinix Note 11 ,Infinix,4 GB,64 GB,12499,4.3
1305,Infinix Note 11S,Infinix,6 GB,64 GB,13999,4.3
1306,Infinix Note 11,Infinix,6 GB,128 GB,14999,4.5
1307,Infinix Note 10 Pro,Infinix,8 GB,256 GB,16999,4.2
1308,Infinix Note 11S Free Fire Edition,Infinix,8 GB,128 GB,15999,4.3
1309,Infinix Note 11,Infinix,4 GB,64 GB,12499,4.3
1310,Infinix Smart 4,Infinix,2 GB,32 GB,8999,4.4
1311,Infinix Note 5,Infinix,3 GB,32 GB,10999,4.2
1312,Infinix Smart 2,Infinix,2 GB,16 GB,6999,4.1
1313,Infinix Smart 2,Infinix,3 GB,32 GB,7946,4.1
1314,Infinix Hot 6 Pro,Infinix,3 GB,32 GB,8999,4.3
1315,Infinix Note 5,Infinix,4 GB,64 GB,12999,4.2
1316,Infinix Hot 8,Infinix,4 GB,64 GB,9999,4.5
1317,Infinix Smart 3 Plus,Infinix,2 GB,32 GB,7999,4.2
1318,Infinix Note 5 Stylus,Infinix,4 GB,64 GB,16999,3.9
1319,Infinix S5 Pro,Infinix,4 GB,64 GB,12999,4.4
1320,Infinix S4,Infinix,3 GB,32 GB,9999,4.2
1321,Infinix Hot 10 Play,Infinix,4 GB,64 GB,9299,4.3
1322,Infinix Note 7,Infinix,4 GB,64 GB,14999,4.3
1323,Infinix Zero 8i,Infinix,8 GB,128 GB,18999,4.2
1324,Infinix Hot 10,Infinix,4 GB,64 GB,11999,4.4
1325,Infinix Smart 4 Plus,Infinix,3 GB,32 GB,9999,4.4
1326,Infinix Hot 10,Infinix,6 GB,128 GB,13999,4.3
1327,Infinix Note 10,Infinix,4 GB,64 GB,10999,4.2
1328,Infinix Hot 9,Infinix,4 GB,64 GB,11999,4.4
1329,Infinix Hot 9 Pro,Infinix,4 GB,64 GB,12999,4.4
1330,Infinix Note 10,Infinix,6 GB,128 GB,12499,4.2
1331,Infinix Hot S3X,Infinix,3 GB,32 GB,10999,4.2
1332,Infinix Note 4,Infinix,3 GB,32 GB,8999,4.2
1333,Infinix Hot S3,Infinix,4 GB,64 GB,11999,4.1
1334,Infinix S5 Lite,Infinix,4 GB,64 GB,9999,4.3
1335,Infinix Hot 4 Pro,Infinix,3 GB,16 GB,7499,4.0
1336,Infinix Hot S3,Infinix,3 GB,32 GB,9999,4.2
1337,Infinix S5 ,Infinix,4 GB,64 GB,10999,4.3
1338,Infinix Hot 7,Infinix,4 GB,64 GB,9999,4.2
1339,Infinix Zero 5,Infinix,6 GB,64 GB,17999,4.3
1340,Infinix S4,Infinix,4 GB,64 GB,10999,4.3
1341,Infinix Zero 5 Pro,Infinix,6 GB,128 GB,19999,4.3
1342,Infinix Hot 7 Pro,Infinix,6 GB,64 GB,10999,4.2
1343,OPPO Reno7 Pro 5G,OPPO,12 GB,256 GB,39999,4.2
1344,POCO C31,POCO,3 GB,32 GB,7999,4.4
1345,POCO C31,POCO,4 GB,64 GB,8999,4.4
1346,vivo T1 5G,vivo,8 GB,128 GB,19990,
1347,vivo T1 5G,vivo,6 GB,128 GB,16990,
1348,vivo T1 5G,vivo,4 GB,128 GB,15990,
1349,OPPO Reno7 5G,OPPO,8 GB,256 GB,28999,
1350,OPPO A16k,OPPO,3 GB,32 GB,10490,4.1
1351,ASUS ROG 5s,ASUS,8 GB,128 GB,49999,
1352,ASUS ROG 5s,ASUS,12 GB,256 GB,57999,
1353,ASUS ROG 5s Pro,ASUS,18 GB,512 GB,79999,
1354,Apple iPhone 13 Pro Max,Apple,4GB,256 GB,139900,4.7
1355,Apple iPhone 13 Pro Max,Apple,4GB,1 TB,169900,4.7
1356,Apple iPhone 13 Pro Max,Apple,4GB,512 GB,159900,4.7
1357,Apple iPhone 13 Pro,Apple,4GB,512 GB,149900,4.7
1358,Apple iPhone 13 mini,Apple,4GB,128 GB,64900,4.6
1359,Apple iPhone 13 Pro Max,Apple,4GB,128 GB,119900,4.5
1360,Apple iPhone 13 mini,Apple,4GB,512 GB,94900,4.6
1361,vivo Y75 5G,vivo,8 GB,128 GB,21990,4.3
1362,realme 9 5G,realme,6 GB,128 GB,17499,4.8
1363,realme 9 5G,realme,4 GB,64 GB,14999,4.5
1364,realme 9 Pro 5G,realme,6 GB,128 GB,17999,4.4
1365,realme 9 Pro 5G,realme,8 GB,128 GB,20999,4.4
1366,realme 9 Pro+ 5G,realme,6 GB,128 GB,24999,4.4
1367,realme 9 Pro+ 5G,realme,8 GB,256 GB,28999,4.4
1368,realme 9 Pro+ 5G,realme,8 GB,128 GB,26999,4.4
1369,realme 9 5G SE,realme,8 GB,128 GB,22999,4.5
1370,realme 9 5G SE,realme,6 GB,128 GB,19999,4.5
1371,realme C35,realme,4 GB,128 GB,12999,4.5
1372,realme C35,realme,4 GB,64 GB,11999,4.5
1373,POCO M4 Pro,POCO,6 GB,64 GB,14999,4.4
1374,POCO M4 Pro,POCO,6 GB,128 GB,16499,4.4
1375,POCO M4 Pro,POCO,8 GB,128 GB,17999,4.4
1376,POCO M4 Pro 5G,POCO,4 GB,64 GB,14999,4.5
1377,POCO M4 Pro 5G,POCO,8 GB,128 GB,18999,4.4
1378,POCO M4 Pro 5G,POCO,6 GB,128 GB,16999,4.4
1379,SAMSUNG Galaxy S21 SE 5G,SAMSUNG,8 GB,128 GB,54990,4.3
1380,SAMSUNG Galaxy F23 5G,SAMSUNG,4 GB,128 GB,15999,4.0
1381,SAMSUNG Galaxy F23 5G,SAMSUNG,6 GB,128 GB,16999,4.0
1382,SAMSUNG Galaxy A03 Core,SAMSUNG,2 GB,32 GB,7999,4.0
1383,SAMSUNG Galaxy A32 ,SAMSUNG,8 GB,128 GB,22910,4.4
1384,SAMSUNG M52 5G,SAMSUNG,8 GB,128 GB,27839,4.3
1385,SAMSUNG M52 5G,SAMSUNG,6 GB,128 GB,25990,4.3
